,Point_Number,Geometry,Quad,Strike,Dip_Angle,Dip_Direct,Interlimb_angle,Vert_Exag,long,lat,Unnamed: 0,Symbol,geometry,Station,Anticline_ID,Latitude_Bins,Compass_direct,Interlimb_Angle,IA,Lat_bins
0,55,-076.96825355 41.30834530,Muncy/Mont,258.0,22.0,NW,,,-076.96825355,41.3083453,,,POINT (-76.96825355 41.3083453),,,,,,,"(41.0, 41.5]"
1,55,-076.96350493 41.30816171,Muncy/Mont,277.0,15.0,NE,,,-076.96350493,41.30816171,,,POINT (-76.96350493 41.30816171),,,,,,,"(41.0, 41.5]"
2,55,-076.95817155 41.30823901,Muncy/Mont,312.0,25.0,NE,,,-076.95817155,41.30823901,,,POINT (-76.95817155 41.30823901),,,,,,,"(41.0, 41.5]"
3,55,-077.00468325 41.27194296,Muncy/Mont,88.0,26.0,SE,132.0,,-077.00468325,41.27194296,,,POINT (-77.00468325 41.27194296),,,,,,132.0,"(41.0, 41.5]"
4,55,-076.95817155 41.30823901,M_M_crosssection_nittany,,,,112.0,,-076.95817155,41.30823901,,,POINT (-76.95817155 41.30823901),,,,,,112.0,"(41.0, 41.5]"
5,54,-076.98674582 41.09656954,Allenwood,272.0,39.0,NE,,,-076.98674582,41.09656954,,,POINT (-76.98674582 41.09656954),,,,,,,"(41.0, 41.5]"
6,54,-076.98563437 41.09714223,Allenwood,280.0,48.0,NE,,,-076.98563437,41.09714223,,,POINT (-76.98563437 41.09714223),,,,,,,"(41.0, 41.5]"
7,9999,-076.98563437 41.09714223,Allenwood_crosssection_white_Deer,,,,105.0,,-076.98563437,41.09714223,,,POINT (-76.98563437 41.09714223),,,,,,105.0,"(41.0, 41.5]"
8,52,-077.21824119 40.68873856,Millerstown,81.0,48.0,SE,,,-077.21824119,40.68873856,,,POINT (-77.21824119 40.68873856),,,,,,,"(40.5, 41.0]"
9,52,-077.06654383 40.73369881,Millerstown,75.0,33.0,SE,,,-077.06654383,40.73369881,,,POINT (-77.06654383 40.73369881),,,,,,,"(40.5, 41.0]"
10,52,-077.06748705 40.73525026,Millerstown,90.0,35.0,S,,,-077.06748705,40.73525026,,,POINT (-77.06748705 40.73525026),,,,,,,"(40.5, 41.0]"
11,52,-077.06762317 40.73707186,Millerstown,78.0,26.0,SE,,,-077.06762317,40.73707186,,,POINT (-77.06762317 40.73707186),,,,,,,"(40.5, 41.0]"
12,52,-077.06747185 40.73779149,Millerstown,50.0,8.0,SE,,,-077.06747185,40.73779149,,,POINT (-77.06747185 40.73779149),,,,,,,"(40.5, 41.0]"
13,52,-077.11572544 40.72664631,Millerstown,240.0,21.0,NW,,,-077.11572544,40.72664631,,,POINT (-77.11572544 40.72664631),,,,,,,"(40.5, 41.0]"
14,52,-077.22182133 40.70910541,Millerstown,255.0,38.0,NW,,,-077.22182133,40.70910541,,,POINT (-77.22182133 40.70910541),,,,,,,"(40.5, 41.0]"
15,52,-077.22160049 40.70957457,Millerstown,270.0,39.0,NW,,,-077.22160049,40.70957457,,,POINT (-77.22160049 40.70957457),,,,,,,"(40.5, 41.0]"
16,52,-077.22074194 40.71063064,Millerstown,258.0,44.0,NW,,,-077.22074194,40.71063064,,,POINT (-77.22074194 40.71063064),,,,,,,"(40.5, 41.0]"
17,52,-077.11572544 40.72664631,Millerstown_Shade_Mountain_crosssection,,,,100.0,,-077.11572544,40.72664631,,,POINT (-77.11572544 40.72664631),,,,,,100.0,"(40.5, 41.0]"
18,45,-077.47450052 40.60788575,Mifflintown,78.0,55.0,SE,,,-077.47450052,40.60788575,,,POINT (-77.47450052 40.60788575),,,,,,,"(40.5, 41.0]"
19,45,-077.44375911 40.61812831,Mifflintown,75.0,64.0,SE,,,-077.44375911,40.61812831,,,POINT (-77.44375911 40.61812831),,,,,,,"(40.5, 41.0]"
20,45,-077.35073784 40.65357822,Mifflintown,80.0,60.0,SE,,,-077.35073784,40.65357822,,,POINT (-77.35073784 40.65357822),,,,,,,"(40.5, 41.0]"
21,45,-077.49322856 40.59356613,Mifflintown,258.0,65.0,NW,,,-077.49322856,40.59356613,,,POINT (-77.49322856 40.59356613),,,,,,,"(40.5, 41.0]"
22,45,-077.46109144 40.60503743,Mifflintown,246.0,47.0,NW,,,-077.46109144,40.60503743,,,POINT (-77.46109144 40.60503743),,,,,,,"(40.5, 41.0]"
23,45,-077.45298745 40.60705071,Mifflintown,248.0,44.0,NW,,,-077.45298745,40.60705071,,,POINT (-77.45298745 40.60705071),,,,,,,"(40.5, 41.0]"
24,45,-077.46117821 40.60651680,Mifflintown,250.0,48.0,NW,,,-077.46117821,40.6065168,,,POINT (-77.46117821 40.6065168),,,,,,,"(40.5, 41.0]"
25,45,-077.44495907 40.60486673,Mifflintown,37.0,21.0,SE,,,-077.44495907,40.60486673,,,POINT (-77.44495907 40.60486673),,,,,,,"(40.5, 41.0]"
26,45,-077.44495907 40.60486673,Mifflintown,,,,123.0,,-077.44495907,40.60486673,,,POINT (-77.44495907 40.60486673),,,,,,123.0,"(40.5, 41.0]"
27,43,-077.72341761 40.71909093,Barrville_Grass_Mountain_Crosssection,,,,115.0,,-077.72341761,40.71909093,,,POINT (-77.72341761 40.71909093),,,,,,115.0,"(40.5, 41.0]"
28,43,-077.76131618 40.66820911,Mcalveysfort,240.0,42.0,NW,,,-077.76131618,40.66820911,,,POINT (-77.76131618 40.66820911),,,,,,,"(40.5, 41.0]"
29,43,-077.78272862 40.73023295,Mcalveysfort,260.0,29.0,NW,,,-077.78272862,40.73023295,,,POINT (-77.78272862 40.73023295),,,,,,,"(40.5, 41.0]"
30,43,-077.77956507 40.71755489,Mcalveysfort,75.0,37.0,SE,,,-077.77956507,40.71755489,,,POINT (-77.77956507 40.71755489),,,,,,,"(40.5, 41.0]"
31,43,-077.79118731 40.65254410,Mcalveysfort,235.0,20.0,NW,,,-077.79118731,40.6525441,,,POINT (-77.79118731 40.6525441),,,,,,,"(40.5, 41.0]"
32,43,-077.77956507 40.71755489,Mcalveysfort_Broad_Mountain_crossection,,,,107.0,,-077.77956507,40.71755489,,,POINT (-77.77956507 40.71755489),,,,,,107.0,"(40.5, 41.0]"
33,43,-077.83331238 40.70899324,Mcalveysfort,195.0,65.0,NW,,,-077.83331238,40.70899324,,,POINT (-77.83331238 40.70899324),,,,,,,"(40.5, 41.0]"
34,43,-077.82643896 40.70407194,Mcalveysfort,200.0,28.0,NW,,,-077.82643896,40.70407194,,,POINT (-77.82643896 40.70407194),,,,,,,"(40.5, 41.0]"
35,43,-077.82377166 40.70171678,Mcalveysfort,10.0,40.0,SE,,,-077.82377166,40.70171678,,,POINT (-77.82377166 40.70171678),,,,,,,"(40.5, 41.0]"
36,43,-077.82643896 40.70407194,Mcalveysfort_Greenlee_crosssection,,,,110.0,,-077.82643896,40.70407194,,,POINT (-77.82643896 40.70407194),,,,,,110.0,"(40.5, 41.0]"
37,32,-078.27939079 40.52610520,Frankstown,35.0,17.0,SE,,,-078.27939079,40.5261052,,,POINT (-78.27939079 40.5261052),,,,,,,"(40.5, 41.0]"
38,32,-078.31285622 40.50697172,Frankstown,45.0,26.0,SE,,,-078.31285622,40.50697172,,,POINT (-78.31285622 40.50697172),,,,,,,"(40.5, 41.0]"
39,32,-078.36141093 40.51250120,Frankstown,220.0,23.0,NW,,,-078.36141093,40.5125012,,,POINT (-78.36141093 40.5125012),,,,,,,"(40.5, 41.0]"
40,32,-078.36141093 40.51250120,Frankstown,230.0,21.0,NW,,,-078.36141093,40.5125012,,,POINT (-78.36141093 40.5125012),,,,,,,"(40.5, 41.0]"
41,32,-078.32100985 40.52828982,Frankstown,209.0,16.0,NW,,,-078.32100985,40.52828982,,,POINT (-78.32100985 40.52828982),,,,,,,"(40.5, 41.0]"
42,32,-078.30994413 40.54051275,Frankstown,205.0,30.0,NW,,,-078.30994413,40.54051275,,,POINT (-78.30994413 40.54051275),,,,,,,"(40.5, 41.0]"
43,32,-078.28559438 40.62058601,Frankstown,240.0,53.0,NW,,,-078.28559438,40.62058601,,,POINT (-78.28559438 40.62058601),,,,,,,"(40.5, 41.0]"
44,32,-078.28559438 40.62058601,Frankstown_Brush_Mountain_crosssection,,,,130.0,,-078.28559438,40.62058601,,,POINT (-78.28559438 40.62058601),,,,,,130.0,"(40.5, 41.0]"
45,41,-077.77103553 40.38904418,NewtonHamilton,32.0,40.0,SE,,,-077.77103553,40.38904418,,,POINT (-77.77103553 40.38904418),,,,,,,"(40.0, 40.5]"
46,41,-077.76722405 40.40749700,NewtonHamilton,44.0,41.0,SE,,,-077.76722405,40.407497,,,POINT (-77.76722405 40.407497),,,,,,,"(40.0, 40.5]"
47,41,-077.76722405 40.40749700,NewtonHamilton_BlueMountain_Crosssection,,,,95.0,,-077.76722405,40.407497,,,POINT (-77.76722405 40.407497),,,,,,95.0,"(40.0, 40.5]"
48,44,-077.54404170 40.39356934,Mccoysville_blacklog_Mountain_crosssection,,,,70.0,,-077.54404170,40.39356934,,,POINT (-77.5440417 40.39356934),,,,,,70.0,"(40.0, 40.5]"
49,44,-077.54404170 40.39356934,Mccoysville_tuscarora_mountain_crosssection,,,,89.0,,-077.54404170,40.39356934,,,POINT (-77.5440417 40.39356934),,,,,,89.0,"(40.0, 40.5]"
50,44,-077.54404170 40.39356934,Mccoysville_conococheague_mountan_crosssection,,,,107.0,,-077.54404170,40.39356934,,,POINT (-77.5440417 40.39356934),,,,,,107.0,"(40.0, 40.5]"
51,44,-077.49926218 40.27896559,Loysville_tuscarora_mountain,,,,94.0,,-077.49926218,40.27896559,,,POINT (-77.49926218 40.27896559),,,,,,94.0,"(40.0, 40.5]"
52,44,-077.39960823 40.47781213,Loysville,236.0,55.0,NW,,,-077.39960823,40.47781213,,,POINT (-77.39960823 40.47781213),,,,,,,"(40.0, 40.5]"
53,44,-077.39567420 40.47668097,Loysville,236.0,40.0,NW,,,-077.39567420,40.47668097,,,POINT (-77.3956742 40.47668097),,,,,,,"(40.0, 40.5]"
54,44,-077.39382109 40.47737938,Loysville,234.0,30.0,NW,,,-077.39382109,40.47737938,,,POINT (-77.39382109 40.47737938),,,,,,,"(40.0, 40.5]"
55,44,-077.38069823 40.46970829,Loysville,62.0,56.0,SE,,,-077.38069823,40.46970829,,,POINT (-77.38069823 40.46970829),,,,,,,"(40.0, 40.5]"
56,44,-077.38136493 40.46897291,Loysville,57.0,58.0,SE,,,-077.38136493,40.46897291,,,POINT (-77.38136493 40.46897291),,,,,,,"(40.0, 40.5]"
57,44,-077.37007648 40.47614289,Loysville,43.0,36.0,SE,,,-077.37007648,40.47614289,,,POINT (-77.37007648 40.47614289),,,,,,,"(40.0, 40.5]"
58,47,-077.46447652 40.28813002,Loysville,46.0,55.0,SE,,,-077.46447652,40.28813002,,,POINT (-77.46447652 40.28813002),,,,,,,"(40.0, 40.5]"
59,47,-077.46602854 40.28636866,Loysville,40.0,63.0,SE,,,-077.46602854,40.28636866,,,POINT (-77.46602854 40.28636866),,,,,,,"(40.0, 40.5]"
60,47,-077.39887943 40.30212757,Loysville,236.0,80.0,NW,,,-077.39887943,40.30212757,,,POINT (-77.39887943 40.30212757),,,,,,,"(40.0, 40.5]"
61,47,-077.40117032 40.30028350,Loysville,234.0,50.0,NW,,,-077.40117032,40.3002835,,,POINT (-77.40117032 40.3002835),,,,,,,"(40.0, 40.5]"
62,47,-077.49926218 40.27896559,Loysville,220.0,35.0,NW,,,-077.49926218,40.27896559,,,POINT (-77.49926218 40.27896559),,,,,,,"(40.0, 40.5]"
63,47,-077.41053801 40.32431100,Loysville,214.0,25.0,NW,,,-077.41053801,40.324311,,,POINT (-77.41053801 40.324311),,,,,,,"(40.0, 40.5]"
64,47,-077.49926218 40.27896559,Loysville_BowersMountain,,,,105.0,,-077.49926218,40.27896559,,,POINT (-77.49926218 40.27896559),,,,,,105.0,"(40.0, 40.5]"
65,44,-077.54404170 40.39356934,Mccoysville,52.0,29.0,SE,,,-077.54404170,40.39356934,,,POINT (-77.5440417 40.39356934),,,,,,,"(40.0, 40.5]"
66,44,-077.54833363 40.39775293,Mccoysville,228.0,38.0,NW,,,-077.54833363,40.39775293,,,POINT (-77.54833363 40.39775293),,,,,,,"(40.0, 40.5]"
67,44,-077.54833363 40.39775293,Mccoysville_tuscarora_inchannel,,,,114.0,,-077.54833363,40.39775293,,,POINT (-77.54833363 40.39775293),,,,,,114.0,"(40.0, 40.5]"
68,44,-077.62427152 40.45293749,Mccoysville,28.0,51.0,SE,,,-077.62427152,40.45293749,,,POINT (-77.62427152 40.45293749),,,,,,,"(40.0, 40.5]"
69,44,-077.62427152 40.45293749,Mccoysville,15.0,37.0,SE,,,-077.62427152,40.45293749,,,POINT (-77.62427152 40.45293749),,,,,,,"(40.0, 40.5]"
70,44,-077.62259839 40.48525671,Mccoysville,228.0,50.0,NW,,,-077.62259839,40.48525671,,,POINT (-77.62259839 40.48525671),,,,,,,"(40.0, 40.5]"
71,44,-077.62427152 40.45293749,Mccoysville_Blacklog,,,,93.0,,-077.62427152,40.45293749,,,POINT (-77.62427152 40.45293749),,,,,,93.0,"(40.0, 40.5]"
72,27,-078.67383703 39.87229200,Bedford,32.0,60.0,SE-overturned,,,-078.67383703,39.872292,,,POINT (-78.67383703 39.872292),,,,,,,"(39.5, 40.0]"
73,27,-078.67287930 39.87436546,Bedford,30.0,85.0,SE-overturned,,,-078.67287930,39.87436546,,,POINT (-78.6728793 39.87436546),,,,,,,"(39.5, 40.0]"
74,27,-078.65722608 39.85156810,Bedford,35.0,18.0,SE,,,-078.65722608,39.8515681,,,POINT (-78.65722608 39.8515681),,,,,,,"(39.5, 40.0]"
75,27,-078.65317086 39.85031722,Bedford,50.0,23.0,SE,,,-078.65317086,39.85031722,,,POINT (-78.65317086 39.85031722),,,,,,,"(39.5, 40.0]"
76,27,-078.69620933 39.84187154,Bedford,202.0,60.0,NW,,,-078.69620933,39.84187154,,,POINT (-78.69620933 39.84187154),,,,,,,"(39.5, 40.0]"
77,27,-078.69873220 39.83884301,Bedford,200.0,56.0,NW,,,-078.69873220,39.83884301,,,POINT (-78.6987322 39.83884301),,,,,,,"(39.5, 40.0]"
78,27,-078.67483846 39.81625724,Bedford,17.0,25.0,SE,,,-078.67483846,39.81625724,,,POINT (-78.67483846 39.81625724),,,,,,,"(39.5, 40.0]"
79,27,-078.71265356 39.81485550,Bedford,190.0,32.0,NW,,,-078.71265356,39.8148555,,,POINT (-78.71265356 39.8148555),,,,,,,"(39.5, 40.0]"
80,27,-078.71900045 39.78923463,Bedford,203.0,26.0,NW,,,-078.71900045,39.78923463,,,POINT (-78.71900045 39.78923463),,,,,,,"(39.5, 40.0]"
81,27,-078.70621148 39.77599350,Bedford,27.0,18.0,SE,,,-078.70621148,39.7759935,,,POINT (-78.70621148 39.7759935),,,,,,,"(39.5, 40.0]"
82,27,-078.72689667 39.76334544,Bedford,208.0,35.0,NW,,,-078.72689667,39.76334544,,,POINT (-78.72689667 39.76334544),,,,,,,"(39.5, 40.0]"
83,27,-078.72753200 39.76491524,Bedford,204.0,45.0,NW,,,-078.72753200,39.76491524,,,POINT (-78.727532 39.76491524),,,,,,,"(39.5, 40.0]"
84,27,-078.72894504 39.75980695,Bedford,200.0,58.0,NW,,,-078.72894504,39.75980695,,,POINT (-78.72894504 39.75980695),,,,,,,"(39.5, 40.0]"
85,27,-078.71062009 39.75699477,Bedford,45.0,37.0,SE,,,-078.71062009,39.75699477,,,POINT (-78.71062009 39.75699477),,,,,,,"(39.5, 40.0]"
86,27,-078.71507480 39.75340459,Bedford,5.0,19.0,SE,,,-078.71507480,39.75340459,,,POINT (-78.7150748 39.75340459),,,,,,,"(39.5, 40.0]"
87,27,-078.73053273 39.75460265,Bedford,205.0,28.0,NW,,,-078.73053273,39.75460265,,,POINT (-78.73053273 39.75460265),,,,,,,"(39.5, 40.0]"
88,27,-078.73138750 39.75471878,Bedford,200.0,50.0,NW,,,-078.73138750,39.75471878,,,POINT (-78.7313875 39.75471878),,,,,,,"(39.5, 40.0]"
89,27,-078.71507480 39.75340459,Bedford_WellsMountain_1,,,,111.0,,-078.71507480,39.75340459,,,POINT (-78.7150748 39.75340459),,,,,,111.0,"(39.5, 40.0]"
90,27,-078.71507480 39.75340459,Bedford_WellsMountain_2,,,,108.0,,-078.71507480,39.75340459,,,POINT (-78.7150748 39.75340459),,,,,,108.0,"(39.5, 40.0]"
91,27,-078.71507480 39.75340459,Bedford_ManassasGap,,,,107.0,,-078.71507480,39.75340459,,,POINT (-78.7150748 39.75340459),,,,,,107.0,"(39.5, 40.0]"
92,30,-078.59785640 39.80018313,Bedford,22.0,28.0,SE,,,-078.59785640,39.80018313,,,POINT (-78.5978564 39.80018313),,,,,,,"(39.5, 40.0]"
93,30,-078.60708938 39.80443141,Bedford,199.0,45.0,NW,,,-078.60708938,39.80443141,,,POINT (-78.60708938 39.80443141),,,,,,,"(39.5, 40.0]"
94,30,-078.53488861 39.82080850,Bedford,205.0,10.0,NW,,,-078.53488861,39.8208085,,,POINT (-78.53488861 39.8208085),,,,,,,"(39.5, 40.0]"
95,30,-078.52685151 39.81766738,Bedford,0.0,50.0,E,,,-078.52685151,39.81766738,,,POINT (-78.52685151 39.81766738),,,,,,,"(39.5, 40.0]"
96,30,-078.54619031 39.80539153,Bedford,210.0,30.0,NW,,,-078.54619031,39.80539153,,,POINT (-78.54619031 39.80539153),,,,,,,"(39.5, 40.0]"
97,30,-078.54684513 39.80570501,Bedford,203.0,48.0,NW,,,-078.54684513,39.80570501,,,POINT (-78.54684513 39.80570501),,,,,,,"(39.5, 40.0]"
98,30,-078.54838879 39.80599448,Bedford,202.0,50.0,NW,,,-078.54838879,39.80599448,,,POINT (-78.54838879 39.80599448),,,,,,,"(39.5, 40.0]"
99,30,-078.53079085 39.80613477,Bedford,5.0,12.0,SE,,,-078.53079085,39.80613477,,,POINT (-78.53079085 39.80613477),,,,,,,"(39.5, 40.0]"
100,30,-078.53734496 39.79510224,Bedford,21.0,15.0,SE,,,-078.53734496,39.79510224,,,POINT (-78.53734496 39.79510224),,,,,,,"(39.5, 40.0]"
101,30,-078.56504801 39.78088017,Bedford,207.0,35.0,NW,,,-078.56504801,39.78088017,,,POINT (-78.56504801 39.78088017),,,,,,,"(39.5, 40.0]"
102,30,-078.56546947 39.77962136,Bedford,212.0,50.0,NW,,,-078.56546947,39.77962136,,,POINT (-78.56546947 39.77962136),,,,,,,"(39.5, 40.0]"
103,30,-078.54130278 39.75712505,Bedford,30.0,18.0,SE,,,-078.54130278,39.75712505,,,POINT (-78.54130278 39.75712505),,,,,,,"(39.5, 40.0]"
104,30,-078.57266928 39.76788535,Bedford,195.0,30.0,NW,,,-078.57266928,39.76788535,,,POINT (-78.57266928 39.76788535),,,,,,,"(39.5, 40.0]"
105,30,-078.57571771 39.76235892,Bedford,205.0,40.0,NW,,,-078.57571771,39.76235892,,,POINT (-78.57571771 39.76235892),,,,,,,"(39.5, 40.0]"
106,30,-078.56546947 39.77962136,Bedford_TusseyMountain_1,,,,118.0,,-078.56546947,39.77962136,,,POINT (-78.56546947 39.77962136),,,,,,118.0,"(39.5, 40.0]"
107,30,-078.56546947 39.77962136,Bedford_TusseyMountain_2,,,,132.0,,-078.56546947,39.77962136,,,POINT (-78.56546947 39.77962136),,,,,,132.0,"(39.5, 40.0]"
108,30,-078.56546947 39.77962136,Bedford_TusseyMountain_crosssection,,,,123.0,,-078.56546947,39.77962136,,,POINT (-78.56546947 39.77962136),,,,,,123.0,"(39.5, 40.0]"
109,30,-078.56546947 39.77962136,Bedford_EvittsMountain_crosssection,,,,83.0,,-078.56546947,39.77962136,,,POINT (-78.56546947 39.77962136),,,,,,83.0,"(39.5, 40.0]"
110,30,-078.56546947 39.77962136,Bedford_WillsMountain_crosssection,,,,136.0,,-078.56546947,39.77962136,,,POINT (-78.56546947 39.77962136),,,,,,136.0,"(39.5, 40.0]"
111,43,-077.75800945 40.70140105,mcalveysfort,35.0,56.0,SE,,,-077.75800945,40.70140105,,,POINT (-77.75800945 40.70140105),,,,,,,"(40.5, 41.0]"
112,43,-077.75831978 40.70304214,mcalveysfort,204.0,30.0,NW,,,-077.75831978,40.70304214,,,POINT (-77.75831978 40.70304214),,,,,,,"(40.5, 41.0]"
113,43,-077.75831978 40.70304214,mcalveysfort_RudyRidge_crosssection,,,,105.0,,-077.75831978,40.70304214,,,POINT (-77.75831978 40.70304214),,,,,,105.0,"(40.5, 41.0]"
114,32,-078.34226743 40.53525656,Frankstown,225.0,23.0,NW,,,-078.34226743,40.53525656,,,POINT (-78.34226743 40.53525656),,,,,,,"(40.5, 41.0]"
115,32,-078.29645433 40.60255939,Frankstown,192.0,30.0,NW,,,-078.29645433,40.60255939,,,POINT (-78.29645433 40.60255939),,,,,,,"(40.5, 41.0]"
116,36,-078.24077510 40.58084025,Tyrone,51.0,25.0,SE,,,-078.24077510,40.58084025,,,POINT (-78.2407751 40.58084025),,,,,,,"(40.5, 41.0]"
117,36,-078.24077510 40.58084025,Tyrone-Frankstown,,,,125.0,,-078.24077510,40.58084025,,,POINT (-78.2407751 40.58084025),,,,,,125.0,"(40.5, 41.0]"
118,41,-077.77980068 40.40350277,NewtonHamilton,228.0,64.0,NW,,,-077.77980068,40.40350277,,,POINT (-77.77980068 40.40350277),,,,,,,"(40.0, 40.5]"
119,44,-077.62170681 40.45634634,Mccoysville,20.0,48.0,SE,,,-077.62170681,40.45634634,,,POINT (-77.62170681 40.45634634),,,,,,,"(40.0, 40.5]"
120,44,-077.60612624 40.47471776,Mccoysville,18.0,37.0,SE,,,-077.60612624,40.47471776,,,POINT (-77.60612624 40.47471776),,,,,,,"(40.0, 40.5]"
121,44,-077.60612624 40.47471776,Mccoysville_ShadeMountain,,,,93.0,,-077.60612624,40.47471776,,,POINT (-77.60612624 40.47471776),,,,,,93.0,"(40.0, 40.5]"
122,44,-077.53126263 40.39636479,Mccoysville,80.0,52.0,SE,,,-077.53126263,40.39636479,,,POINT (-77.53126263 40.39636479),,,,,,,"(40.0, 40.5]"
123,44,-077.50909827 40.42670506,Loysville,57.0,50.0,NW,,,-077.50909827,40.42670506,,,POINT (-77.50909827 40.42670506),,,,,,,"(40.0, 40.5]"
124,44,-077.44020077 40.40707004,Loysville,52.0,35.0,SE,,,-077.44020077,40.40707004,,,POINT (-77.44020077 40.40707004),,,,,,,"(40.0, 40.5]"
125,44,-077.49763148 40.43860747,Loysville,230.0,45.0,NW,,,-077.49763148,40.43860747,,,POINT (-77.49763148 40.43860747),,,,,,,"(40.0, 40.5]"
126,44,-077.43837153 40.46421930,Loysville,237.0,60.0,NW,,,-077.43837153,40.4642193,,,POINT (-77.43837153 40.4642193),,,,,,,"(40.0, 40.5]"
127,3,-081.06567113 36.99642285,Wytheville,57.0,36.0,SE,,,-081.06567113,36.99642285,,,POINT (-81.06567113 36.99642285),,,,,,,"(36.5, 37.0]"
128,3,-081.06889914 36.99531334,Wytheville,70.0,34.0,SE,,,-081.06889914,36.99531334,,,POINT (-81.06889914 36.99531334),,,,,,,"(36.5, 37.0]"
129,3,-081.07107181 36.99501885,Wytheville,67.0,36.0,SE,,,-081.07107181,36.99501885,,,POINT (-81.07107181 36.99501885),,,,,,,"(36.5, 37.0]"
130,3,-081.07539538 36.99298001,Wytheville,37.0,40.0,SE,,,-081.07539538,36.99298001,,,POINT (-81.07539538 36.99298001),,,,,,,"(36.5, 37.0]"
131,4,-080.92067986 37.30554747,Giles,67.0,34.0,SE,,,-080.92067986,37.30554747,,,POINT (-80.92067986 37.30554747),,,,,,,"(37.0, 37.5]"
132,4,-080.97711049 37.27808232,Giles,255.0,30.0,NW,,,-080.97711049,37.27808232,,,POINT (-80.97711049 37.27808232),,,,,,,"(37.0, 37.5]"
133,4,-080.96996765 37.27653270,Giles,89.0,35.0,SE,,,-080.96996765,37.2765327,,,POINT (-80.96996765 37.2765327),,,,,,,"(37.0, 37.5]"
134,4,-080.98441546 37.27769650,Giles,272.0,41.0,NW,,,-080.98441546,37.2776965,,,POINT (-80.98441546 37.2776965),,,,,,,"(37.0, 37.5]"
135,4,-080.97711049 37.27808232,Giles,,,,104.0,,-080.97711049,37.27808232,,,POINT (-80.97711049 37.27808232),,,,,,104.0,"(37.0, 37.5]"
136,4,-080.59522569 37.27376078,Giles,253.0,44.0,NW,,,-080.59522569,37.27376078,,,POINT (-80.59522569 37.27376078),,,,,,,"(37.0, 37.5]"
137,4,-080.58089790 37.28205394,Giles,65.0,41.0,SE,,,-080.58089790,37.28205394,,,POINT (-80.5808979 37.28205394),,,,,,,"(37.0, 37.5]"
138,4,-080.52887809 37.29447550,Giles,89.0,23.0,SE,,,-080.52887809,37.2944755,,,POINT (-80.52887809 37.2944755),,,,,,,"(37.0, 37.5]"
139,4,-080.46749256 37.32660205,Giles,258.0,58.0,NW,,,-080.46749256,37.32660205,,,POINT (-80.46749256 37.32660205),,,,,,,"(37.0, 37.5]"
140,5,-080.62108191 37.37132921,Giles,64.0,25.0,SE,,,-080.62108191,37.37132921,,,POINT (-80.62108191 37.37132921),,,,,,,"(37.0, 37.5]"
141,5,-080.61391060 37.36306527,Giles,228.0,20.0,NW,,,-080.61391060,37.36306527,,,POINT (-80.6139106 37.36306527),,,,,,,"(37.0, 37.5]"
142,5,-080.60117040 37.39206414,Giles,69.0,23.0,SE,,,-080.60117040,37.39206414,,,POINT (-80.6011704 37.39206414),,,,,,,"(37.0, 37.5]"
143,5,-080.59021644 37.39496338,Giles,64.0,36.0,SE,,,-080.59021644,37.39496338,,,POINT (-80.59021644 37.39496338),,,,,,,"(37.0, 37.5]"
144,5,-080.54949811 37.35953553,Giles,248.0,28.0,NW,,,-080.54949811,37.35953553,,,POINT (-80.54949811 37.35953553),,,,,,,"(37.0, 37.5]"
145,5,-080.53875324 37.36172133,Giles,251.0,16.0,NW,,,-080.53875324,37.36172133,,,POINT (-80.53875324 37.36172133),,,,,,,"(37.0, 37.5]"
146,5,-080.59021644 37.39496338,Giles_SaltPondMountain,,,,141.0,,-080.59021644,37.39496338,,,POINT (-80.59021644 37.39496338),,,,,,141.0,"(37.0, 37.5]"
147,5,-080.53513244 37.35144999,Giles,65.0,20.0,SE,,,-080.53513244,37.35144999,,,POINT (-80.53513244 37.35144999),,,,,,,"(37.0, 37.5]"
148,5,-080.53854040 37.35732861,Giles,253.0,19.0,NW,,,-080.53854040,37.35732861,,,POINT (-80.5385404 37.35732861),,,,,,,"(37.0, 37.5]"
149,5,-080.52898407 37.35558024,Giles,44.0,10.0,SE,,,-080.52898407,37.35558024,,,POINT (-80.52898407 37.35558024),,,,,,,"(37.0, 37.5]"
150,5,-080.52296608 37.35125734,Giles,72.0,35.0,SE,,,-080.52296608,37.35125734,,,POINT (-80.52296608 37.35125734),,,,,,,"(37.0, 37.5]"
151,6,-080.31829189 37.20361457,Ironto,76.0,40.0,SE,,,-080.31829189,37.20361457,,,POINT (-80.31829189 37.20361457),,,,,,,"(37.0, 37.5]"
152,6,-080.31706916 37.20514342,Ironto,55.0,30.0,SE,,,-080.31706916,37.20514342,,,POINT (-80.31706916 37.20514342),,,,,,,"(37.0, 37.5]"
153,6,-080.30280073 37.21777405,Ironto,321.0,30.0,NE,,,-080.30280073,37.21777405,,,POINT (-80.30280073 37.21777405),,,,,,,"(37.0, 37.5]"
154,6,-080.31122048 37.21876192,Ironto,329.0,14.0,NE,,,-080.31122048,37.21876192,,,POINT (-80.31122048 37.21876192),,,,,,,"(37.0, 37.5]"
155,6,-080.32933215 37.22173854,Ironto,250.0,14.0,NW,,,-080.32933215,37.22173854,,,POINT (-80.32933215 37.22173854),,,,,,,"(37.0, 37.5]"
156,6,-080.32720157 37.22135670,Ironto,1.0,44.0,N,,,-080.32720157,37.2213567,,,POINT (-80.32720157 37.2213567),,,,,,,"(37.0, 37.5]"
157,6,-080.32395660 37.22230527,Ironto,3.0,35.0,N,,,-080.32395660,37.22230527,,,POINT (-80.3239566 37.22230527),,,,,,,"(37.0, 37.5]"
158,6,-080.31523358 37.22726101,Ironto,258.0,18.0,NW,,,-080.31523358,37.22726101,,,POINT (-80.31523358 37.22726101),,,,,,,"(37.0, 37.5]"
159,6,-080.30803729 37.20514789,Ironto,74.0,35.0,SE,,,-080.30803729,37.20514789,,,POINT (-80.30803729 37.20514789),,,,,,,"(37.0, 37.5]"
160,6,-080.32372407 37.20452743,Ironto,60.0,26.0,SE,,,-080.32372407,37.20452743,,,POINT (-80.32372407 37.20452743),,,,,,,"(37.0, 37.5]"
161,6,-080.32395660 37.22230527,Ironto,,,,121.0,,-080.32395660,37.22230527,,,POINT (-80.3239566 37.22230527),,,,,,121.0,"(37.0, 37.5]"
162,9,-080.22655933 37.43178748,Looney,52.0,20.0,SE,,,-080.22655933,37.43178748,,,POINT (-80.22655933 37.43178748),,,,,,,"(37.0, 37.5]"
163,9,-080.17746259 37.44006172,Looney,60.0,28.0,SE,,,-080.17746259,37.44006172,,,POINT (-80.17746259 37.44006172),,,,,,,"(37.0, 37.5]"
164,9,-080.14826562 37.45440018,Looney,70.0,35.0,SE,,,-080.14826562,37.45440018,,,POINT (-80.14826562 37.45440018),,,,,,,"(37.0, 37.5]"
165,9,-080.14618422 37.45502637,Looney,65.0,30.0,SE,,,-080.14618422,37.45502637,,,POINT (-80.14618422 37.45502637),,,,,,,"(37.0, 37.5]"
166,9,-080.15559593 37.48372399,Looney,246.0,32.0,NW,,,-080.15559593,37.48372399,,,POINT (-80.15559593 37.48372399),,,,,,,"(37.0, 37.5]"
167,9,-080.20972697 37.47369336,Looney,240.0,35.0,NW,,,-080.20972697,37.47369336,,,POINT (-80.20972697 37.47369336),,,,,,,"(37.0, 37.5]"
168,9,-080.22454851 37.46851067,Looney,210.0,45.0,NW,,,-080.22454851,37.46851067,,,POINT (-80.22454851 37.46851067),,,,,,,"(37.0, 37.5]"
169,9,-080.15559593 37.48372399,Looney_SinkingCreek,,,,117.0,,-080.15559593,37.48372399,,,POINT (-80.15559593 37.48372399),,,,,,117.0,"(37.0, 37.5]"
170,9,-080.15559593 37.48372399,Looney_SinkingCreek,,,,100.0,,-080.15559593,37.48372399,,,POINT (-80.15559593 37.48372399),,,,,,100.0,"(37.0, 37.5]"
171,10,-080.09793417 37.55642224,Lewisburg,76.0,54.0,SE,,,-080.09793417,37.55642224,,,POINT (-80.09793417 37.55642224),,,,,,,"(37.5, 38.0]"
172,10,-080.11612385 37.55229538,Lewisburg,235.0,24.0,NW,,,-080.11612385,37.55229538,,,POINT (-80.11612385 37.55229538),,,,,,,"(37.5, 38.0]"
173,10,-080.07766785 37.58915224,Lewisburg,183.0,35.0,W,,,-080.07766785,37.58915224,,,POINT (-80.07766785 37.58915224),,,,,,,"(37.5, 38.0]"
174,10,-080.07042469 37.58582195,Lewisburg,48.0,40.0,SE,,,-080.07042469,37.58582195,,,POINT (-80.07042469 37.58582195),,,,,,,"(37.5, 38.0]"
175,10,-080.06628501 37.63591405,Lewisburg,46.0,55.0,SE,,,-080.06628501,37.63591405,,,POINT (-80.06628501 37.63591405),,,,,,,"(37.5, 38.0]"
176,10,-080.07376211 37.64149692,Lewisburg,230.0,35.0,NW,,,-080.07376211,37.64149692,,,POINT (-80.07376211 37.64149692),,,,,,,"(37.5, 38.0]"
177,10,-080.09505395 37.63252380,Lewisburg,258.0,40.0,NW,,,-080.09505395,37.6325238,,,POINT (-80.09505395 37.6325238),,,,,,,"(37.5, 38.0]"
178,10,-080.09413508 37.57235386,Lewisburg,80.0,17.0,SE,,,-080.09413508,37.57235386,,,POINT (-80.09413508 37.57235386),,,,,,,"(37.5, 38.0]"
179,10,-080.17179061 37.55504446,Lewisburg,79.0,12.0,SE,,,-080.17179061,37.55504446,,,POINT (-80.17179061 37.55504446),,,,,,,"(37.5, 38.0]"
180,10,-080.19465647 37.56171179,Lewisburg,39.0,35.0,SE,,,-080.19465647,37.56171179,,,POINT (-80.19465647 37.56171179),,,,,,,"(37.5, 38.0]"
181,10,-080.11173900 37.60201290,Lewisburg,44.0,20.0,SE,,,-080.11173900,37.6020129,,,POINT (-80.111739 37.6020129),,,,,,,"(37.5, 38.0]"
182,10,-080.09505395 37.63252380,Lewisburg,,,,128.0,,-080.09505395,37.6325238,,,POINT (-80.09505395 37.6325238),,,,,,128.0,"(37.5, 38.0]"
183,10,-080.08636859 37.58448274,Lewisburg,262.0,10.0,NW,,,-080.08636859,37.58448274,,,POINT (-80.08636859 37.58448274),,,,,,,"(37.5, 38.0]"
184,10,-080.07531146 37.58745463,Lewisburg,41.0,18.0,SE,,,-080.07531146,37.58745463,,,POINT (-80.07531146 37.58745463),,,,,,,"(37.5, 38.0]"
185,8,-080.10136450 37.71424718,Lewisburg,26.0,58.0,SE,,,-080.10136450,37.71424718,,,POINT (-80.1013645 37.71424718),,,,,,,"(37.5, 38.0]"
186,8,-080.15427398 37.71225787,Lewisburg,254.0,67.0,NW,,,-080.15427398,37.71225787,,,POINT (-80.15427398 37.71225787),,,,,,,"(37.5, 38.0]"
187,8,-080.09655677 37.73682932,Lewisburg,57.0,38.0,SE,,,-080.09655677,37.73682932,,,POINT (-80.09655677 37.73682932),,,,,,,"(37.5, 38.0]"
188,8,-080.13063478 37.68966666,Lewisburg,28.0,60.0,SE,,,-080.13063478,37.68966666,,,POINT (-80.13063478 37.68966666),,,,,,,"(37.5, 38.0]"
189,8,-080.10628529 37.70182708,Lewisburg,52.0,33.0,SE,,,-080.10628529,37.70182708,,,POINT (-80.10628529 37.70182708),,,,,,,"(37.5, 38.0]"
190,8,-080.10548735 37.72686241,Lewisburg,234.0,59.0,NW,,,-080.10548735,37.72686241,,,POINT (-80.10548735 37.72686241),,,,,,,"(37.5, 38.0]"
191,8,-080.10628529 37.70182708,Lewisburg_MorningKnob,,,,105.0,,-080.10628529,37.70182708,,,POINT (-80.10628529 37.70182708),,,,,,105.0,"(37.5, 38.0]"
192,11,-079.99307946 37.72960257,Strom,225.0,30.0,NW,,,-079.99307946,37.72960257,,,POINT (-79.99307946 37.72960257),,,,,,,"(37.5, 38.0]"
193,11,-079.99712927 37.73007356,Strom,228.0,40.0,NW,,,-079.99712927,37.73007356,,,POINT (-79.99712927 37.73007356),,,,,,,"(37.5, 38.0]"
194,11,-079.98926120 37.73520244,Strom,237.0,55.0,NW,,,-079.98926120,37.73520244,,,POINT (-79.9892612 37.73520244),,,,,,,"(37.5, 38.0]"
195,11,-079.98629379 37.73220535,Strom,37.0,30.0,SE,,,-079.98629379,37.73220535,,,POINT (-79.98629379 37.73220535),,,,,,,"(37.5, 38.0]"
196,11,-079.98292461 37.73694392,Strom,20.0,25.0,SE,,,-079.98292461,37.73694392,,,POINT (-79.98292461 37.73694392),,,,,,,"(37.5, 38.0]"
197,11,-079.98917416 37.72963487,Strom,25.0,32.0,SE,,,-079.98917416,37.72963487,,,POINT (-79.98917416 37.72963487),,,,,,,"(37.5, 38.0]"
198,11,-079.99288655 37.71223668,Strom,58.0,33.0,SE,,,-079.99288655,37.71223668,,,POINT (-79.99288655 37.71223668),,,,,,,"(37.5, 38.0]"
199,11,-079.98999027 37.71437707,Strom,81.0,38.0,SE,,,-079.98999027,37.71437707,,,POINT (-79.98999027 37.71437707),,,,,,,"(37.5, 38.0]"
200,11,-079.98762380 37.71461960,Strom,45.0,23.0,SE,,,-079.98762380,37.7146196,,,POINT (-79.9876238 37.7146196),,,,,,,"(37.5, 38.0]"
201,11,-079.98999027 37.71437707,Strom_CarpenterMtn,,,,116.0,,-079.98999027,37.71437707,,,POINT (-79.98999027 37.71437707),,,,,,116.0,"(37.5, 38.0]"
202,11,-079.94357692 37.65702992,Strom,42.0,36.0,SE,,,-079.94357692,37.65702992,,,POINT (-79.94357692 37.65702992),,,,,,,"(37.5, 38.0]"
203,11,-079.94460331 37.65808057,Strom,68.0,20.0,SE,,,-079.94460331,37.65808057,,,POINT (-79.94460331 37.65808057),,,,,,,"(37.5, 38.0]"
204,11,-079.95775844 37.65654188,Strom,223.0,65.0,NW,,,-079.95775844,37.65654188,,,POINT (-79.95775844 37.65654188),,,,,,,"(37.5, 38.0]"
205,11,-079.93558658 37.67322101,Strom,217.0,70.0,NW,,,-079.93558658,37.67322101,,,POINT (-79.93558658 37.67322101),,,,,,,"(37.5, 38.0]"
206,11,-079.92893781 37.67065061,Strom,15.0,30.0,SE,,,-079.92893781,37.67065061,,,POINT (-79.92893781 37.67065061),,,,,,,"(37.5, 38.0]"
207,11,-079.92433133 37.67557568,Strom,49.0,30.0,SE,,,-079.92433133,37.67557568,,,POINT (-79.92433133 37.67557568),,,,,,,"(37.5, 38.0]"
208,11,-079.90524994 37.68915274,Strom,7.0,36.0,SE,,,-079.90524994,37.68915274,,,POINT (-79.90524994 37.68915274),,,,,,,"(37.5, 38.0]"
209,11,-079.91618130 37.69307242,Strom,222.0,55.0,NW,,,-079.91618130,37.69307242,,,POINT (-79.9161813 37.69307242),,,,,,,"(37.5, 38.0]"
210,11,-079.92433133 37.67557568,Strom_DeisherMtn,,,,85.0,,-079.92433133,37.67557568,,,POINT (-79.92433133 37.67557568),,,,,,85.0,"(37.5, 38.0]"
211,11,-079.92433133 37.67557568,Strom_crossection,,,,95.0,,-079.92433133,37.67557568,,,POINT (-79.92433133 37.67557568),,,,,,95.0,"(37.5, 38.0]"
212,11,-079.92433133 37.67557568,Strom_crossection_DeisherMtn,,,,105.0,,-079.92433133,37.67557568,,,POINT (-79.92433133 37.67557568),,,,,,105.0,"(37.5, 38.0]"
213,16,-079.71994560 37.68955084,Sugarloaf,55.0,20.0,SE,,,-079.71994560,37.68955084,,,POINT (-79.7199456 37.68955084),,,,,,,"(37.5, 38.0]"
214,16,-079.71800758 37.69237816,Sugarloaf,52.0,35.0,SE,,,-079.71800758,37.69237816,,,POINT (-79.71800758 37.69237816),,,,,,,"(37.5, 38.0]"
215,16,-079.71047531 37.69734567,,12.0,50.0,SE,,,-079.71047531,37.69734567,,,POINT (-79.71047531 37.69734567),,,,,,,"(37.5, 38.0]"
216,16,-079.71597732 37.70627008,,200.0,20.0,NW,,,-079.71597732,37.70627008,,,POINT (-79.71597732 37.70627008),,,,,,,"(37.5, 38.0]"
217,16,-079.71330136 37.70986723,,39.0,25.0,SE,,,-079.71330136,37.70986723,,,POINT (-79.71330136 37.70986723),,,,,,,"(37.5, 38.0]"
218,16,-079.71800758 37.69237816,Sugarloaf_NorthMountain,,,,125.0,,-079.71800758,37.69237816,,,POINT (-79.71800758 37.69237816),,,,,,125.0,"(37.5, 38.0]"
219,17,-079.71800758 37.69237816,Sugarloaf_crossection_NorthMountain,,,,117.0,,-079.71800758,37.69237816,,,POINT (-79.71800758 37.69237816),,,,,,117.0,"(37.5, 38.0]"
220,17,-079.70740471 37.52862263,Buchanon,183.0,38.0,W,,,-079.70740471,37.52862263,,,POINT (-79.70740471 37.52862263),,,,,,,"(37.5, 38.0]"
221,17,-079.68427501 37.54223243,Buchanon,24.0,48.0,SE,,,-079.68427501,37.54223243,,,POINT (-79.68427501 37.54223243),,,,,,,"(37.5, 38.0]"
222,17,-079.67921112 37.55326807,Buchanon,42.0,60.0,SE,,,-079.67921112,37.55326807,,,POINT (-79.67921112 37.55326807),,,,,,,"(37.5, 38.0]"
223,17,-079.68668618 37.56837210,Buchanon,33.0,35.0,SE,,,-079.68668618,37.5683721,,,POINT (-79.68668618 37.5683721),,,,,,,"(37.5, 38.0]"
224,17,-079.69840334 37.57163440,Buchanon,184.0,70.0,W,,,-079.69840334,37.5716344,,,POINT (-79.69840334 37.5716344),,,,,,,"(37.5, 38.0]"
225,17,-079.69700658 37.57796413,Buchanon,180.0,45.0,W,,,-079.69700658,37.57796413,,,POINT (-79.69700658 37.57796413),,,,,,,"(37.5, 38.0]"
226,17,-079.69449662 37.58192420,Buchanon,40.0,50.0,NW,,,-079.69449662,37.5819242,,,POINT (-79.69449662 37.5819242),,,,,,,"(37.5, 38.0]"
227,17,-079.69068723 37.56785747,Buchanon,32.0,18.0,SE,,,-079.69068723,37.56785747,,,POINT (-79.69068723 37.56785747),,,,,,,"(37.5, 38.0]"
228,17,-079.69449662 37.58192420,Buchanon_PurgatoryMtn,,,,93.0,,-079.69449662,37.5819242,,,POINT (-79.69449662 37.5819242),,,,,,93.0,"(37.5, 38.0]"
229,17,-079.69449662 37.58192420,Buchanon_crossection_purgatory,,,,85.0,,-079.69449662,37.5819242,,,POINT (-79.69449662 37.5819242),,,,,,85.0,"(37.5, 38.0]"
230,17,-079.69449662 37.58192420,Buchanon_crossection_purgatory2,,,,110.0,,-079.69449662,37.5819242,,,POINT (-79.69449662 37.5819242),,,,,,110.0,"(37.5, 38.0]"
231,12,-080.04070057 37.80450103,Lewisburg,48.0,48.0,SE,,,-080.04070057,37.80450103,,,POINT (-80.04070057 37.80450103),,,,,,,"(37.5, 38.0]"
232,12,-080.05484540 37.80721435,Lewisburg,47.0,60.0,SE,,,-080.05484540,37.80721435,,,POINT (-80.0548454 37.80721435),,,,,,,"(37.5, 38.0]"
233,12,-080.07021418 37.81976193,Lewisburg,205.0,47.0,NW,,,-080.07021418,37.81976193,,,POINT (-80.07021418 37.81976193),,,,,,,"(37.5, 38.0]"
234,12,-080.04064103 37.85416576,Lewisburg,207.0,20.0,NW,,,-080.04064103,37.85416576,,,POINT (-80.04064103 37.85416576),,,,,,,"(37.5, 38.0]"
235,12,-080.07021418 37.81976193,Lewisburg,,,,98.0,,-080.07021418,37.81976193,,,POINT (-80.07021418 37.81976193),,,,,,98.0,"(37.5, 38.0]"
236,20,-079.42952104 38.01944202,Staunton,50.0,46.0,SE,,,-079.42952104,38.01944202,,,POINT (-79.42952104 38.01944202),,,,,,,"(38.0, 38.5]"
237,20,-079.42493163 38.02081215,Staunton,51.0,14.0,SE,,,-079.42493163,38.02081215,,,POINT (-79.42493163 38.02081215),,,,,,,"(38.0, 38.5]"
238,20,-079.44215332 38.02843506,Staunton,215.0,38.0,NW,,,-079.44215332,38.02843506,,,POINT (-79.44215332 38.02843506),,,,,,,"(38.0, 38.5]"
239,20,-079.45281015 38.02451452,Staunton,215.0,78.0,NW,,,-079.45281015,38.02451452,,,POINT (-79.45281015 38.02451452),,,,,,,"(38.0, 38.5]"
240,20,-079.41875794 38.05616472,Staunton,213.0,38.0,NW,,,-079.41875794,38.05616472,,,POINT (-79.41875794 38.05616472),,,,,,,"(38.0, 38.5]"
241,20,-079.39786157 38.05825076,Staunton,23.0,45.0,SE,,,-079.39786157,38.05825076,,,POINT (-79.39786157 38.05825076),,,,,,,"(38.0, 38.5]"
242,20,-079.39913638 38.06461380,Staunton,232.0,30.0,NW,,,-079.39913638,38.0646138,,,POINT (-79.39913638 38.0646138),,,,,,,"(38.0, 38.5]"
243,20,-079.38717824 38.06766813,Deerfield,31.0,35.0,SE,,,-079.38717824,38.06766813,,,POINT (-79.38717824 38.06766813),,,,,,,"(38.0, 38.5]"
244,20,-079.36945161 38.07007264,Deerfield,230.0,23.0,NW,,,-079.36945161,38.07007264,,,POINT (-79.36945161 38.07007264),,,,,,,"(38.0, 38.5]"
245,20,-079.36699036 38.07449145,Deerfield,229.0,20.0,NW,,,-079.36699036,38.07449145,,,POINT (-79.36699036 38.07449145),,,,,,,"(38.0, 38.5]"
246,20,-079.31489837 38.09699289,Deerfield,60.0,58.0,SE,,,-079.31489837,38.09699289,,,POINT (-79.31489837 38.09699289),,,,,,,"(38.0, 38.5]"
247,20,-079.45281015 38.02451452,Staunton_KnobMountain,,,,116.0,,-079.45281015,38.02451452,,,POINT (-79.45281015 38.02451452),,,,,,116.0,"(38.0, 38.5]"
248,20,-079.35599879 38.04094546,Deerfield,240.0,42.0,NW,,,-079.35599879,38.04094546,,,POINT (-79.35599879 38.04094546),,,,,,,"(38.0, 38.5]"
249,20,-079.35253583 38.03951493,Deerfield,41.0,65.0,SE,,,-079.35253583,38.03951493,,,POINT (-79.35253583 38.03951493),,,,,,,"(38.0, 38.5]"
250,20,-079.35253583 38.03951493,Deerfield_BrownRidge,,,,115.0,,-079.35253583,38.03951493,,,POINT (-79.35253583 38.03951493),,,,,,115.0,"(38.0, 38.5]"
251,20,-079.40928493 38.17960886,Staunton,28.0,30.0,SE,,,-079.40928493,38.17960886,,,POINT (-79.40928493 38.17960886),,,,,,,"(38.0, 38.5]"
252,18,-079.42698089 38.13923025,,23.0,40.0,SE,,,-079.42698089,38.13923025,,,POINT (-79.42698089 38.13923025),,,,,,,"(38.0, 38.5]"
253,18,-079.43301092 38.12698662,,37.0,50.0,SE,,,-079.43301092,38.12698662,,,POINT (-79.43301092 38.12698662),,,,,,,"(38.0, 38.5]"
254,18,-079.43175548 38.13941115,,218.0,55.0,NW,,,-079.43175548,38.13941115,,,POINT (-79.43175548 38.13941115),,,,,,,"(38.0, 38.5]"
255,18,-079.44928397 38.17517008,,227.0,41.0,NW,,,-079.44928397,38.17517008,,,POINT (-79.44928397 38.17517008),,,,,,,"(38.0, 38.5]"
256,18,-079.38717824 38.06766813,Staunton_DeerfieldAnticline,,,,100.0,,-079.38717824,38.06766813,,,POINT (-79.38717824 38.06766813),,,,,,100.0,"(38.0, 38.5]"
257,14,-079.83641025 38.12914781,Staunton,49.0,24.0,SE,,,-079.83641025,38.12914781,,,POINT (-79.83641025 38.12914781),,,,,,,"(38.0, 38.5]"
258,14,-079.82493856 38.13858984,Staunton,50.0,27.0,SE,,,-079.82493856,38.13858984,,,POINT (-79.82493856 38.13858984),,,,,,,"(38.0, 38.5]"
259,14,-079.77882750 38.18282860,Staunton,36.0,10.0,SE,,,-079.77882750,38.1828286,,,POINT (-79.7788275 38.1828286),,,,,,,"(38.0, 38.5]"
260,14,-079.76020021 38.20017562,Staunton,40.0,12.0,SE,,,-079.76020021,38.20017562,,,POINT (-79.76020021 38.20017562),,,,,,,"(38.0, 38.5]"
261,14,-079.75177673 38.20718515,Staunton,32.0,32.0,SE,,,-079.75177673,38.20718515,,,POINT (-79.75177673 38.20718515),,,,,,,"(38.0, 38.5]"
262,14,-079.76044398 38.21130419,Staunton,28.0,23.0,SE,,,-079.76044398,38.21130419,,,POINT (-79.76044398 38.21130419),,,,,,,"(38.0, 38.5]"
263,14,-079.78125648 38.21868918,Staunton,204.0,21.0,NW,,,-079.78125648,38.21868918,,,POINT (-79.78125648 38.21868918),,,,,,,"(38.0, 38.5]"
264,14,-079.72539983 38.24642259,Staunton,34.0,35.0,SE,,,-079.72539983,38.24642259,,,POINT (-79.72539983 38.24642259),,,,,,,"(38.0, 38.5]"
265,14,-079.72115761 38.25142744,Staunton,28.0,29.0,SE,,,-079.72115761,38.25142744,,,POINT (-79.72115761 38.25142744),,,,,,,"(38.0, 38.5]"
266,14,-079.74685794 38.26194327,Staunton,219.0,61.0,NW,,,-079.74685794,38.26194327,,,POINT (-79.74685794 38.26194327),,,,,,,"(38.0, 38.5]"
267,14,-079.63445510 38.37460744,Staunton,24.0,54.0,SE,,,-079.63445510,38.37460744,,,POINT (-79.6344551 38.37460744),,,,,,,"(38.0, 38.5]"
268,14,-079.59829159 38.42441583,Staunton,35.0,33.0,SE,,,-079.59829159,38.42441583,,,POINT (-79.59829159 38.42441583),,,,,,,"(38.0, 38.5]"
269,14,-079.55828012 38.47307294,Staunton,32.0,30.0,SE,,,-079.55828012,38.47307294,,,POINT (-79.55828012 38.47307294),,,,,,,"(38.0, 38.5]"
270,9999,-079.63445510 38.37460744,Staunton_HightownAnticline,,,,131.0,,-079.63445510,38.37460744,,,POINT (-79.6344551 38.37460744),,,,,,131.0,"(38.0, 38.5]"
271,9999,-079.63445510 38.37460744,Staunton_HightownAnticline2,,,,100.0,,-079.63445510,38.37460744,,,POINT (-79.6344551 38.37460744),,,,,,100.0,"(38.0, 38.5]"
272,25,-078.92339462 38.66550741,,201.0,32.0,NW,,,-078.92339462,38.66550741,,,POINT (-78.92339462 38.66550741),,,,,,,"(38.5, 39.0]"
273,25,-078.90686937 38.68182796,,23.0,40.0,SE,,,-078.90686937,38.68182796,,,POINT (-78.90686937 38.68182796),,,,,,,"(38.5, 39.0]"
274,25,-078.91893287 38.68687283,,209.0,25.0,NW,,,-078.91893287,38.68687283,,,POINT (-78.91893287 38.68687283),,,,,,,"(38.5, 39.0]"
275,25,-078.91192765 38.70615445,,209.0,30.0,NW,,,-078.91192765,38.70615445,,,POINT (-78.91192765 38.70615445),,,,,,,"(38.5, 39.0]"
276,25,-078.89128329 38.70441030,,40.0,45.0,SE,,,-078.89128329,38.7044103,,,POINT (-78.89128329 38.7044103),,,,,,,"(38.5, 39.0]"
277,25,-078.88739087 38.71178358,,42.0,45.0,SE,,,-078.88739087,38.71178358,,,POINT (-78.88739087 38.71178358),,,,,,,"(38.5, 39.0]"
278,25,-078.91192765 38.70615445,FrontRoyal_ChurchMountain,,,,110.0,,-078.91192765,38.70615445,,,POINT (-78.91192765 38.70615445),,,,,,110.0,"(38.5, 39.0]"
279,36,-077.96584003 39.71851163,ClearSpring,42.0,45.0,SE,,,-077.96584003,39.71851163,,,POINT (-77.96584003 39.71851163),,,,,,,"(39.5, 40.0]"
280,36,-077.96860845 39.71390246,ClearSpring,46.0,32.0,SE,,,-077.96860845,39.71390246,,,POINT (-77.96860845 39.71390246),,,,,,,"(39.5, 40.0]"
281,36,-077.97508824 39.71547267,ClearSpring,155.0,25.0,SW,,,-077.97508824,39.71547267,,,POINT (-77.97508824 39.71547267),,,,,,,"(39.5, 40.0]"
282,36,-077.96860845 39.71390246,ClearSpring_BearPondMtn,,,,123.0,,-077.96860845,39.71390246,,,POINT (-77.96860845 39.71390246),,,,,,123.0,"(39.5, 40.0]"
283,36,-077.95417454 39.68434607,,28.0,44.0,SE,,,-077.95417454,39.68434607,,,POINT (-77.95417454 39.68434607),,,,,,,"(39.5, 40.0]"
284,36,-077.95801073 39.67895941,,15.0,45.0,SE,,,-077.95801073,39.67895941,,,POINT (-77.95801073 39.67895941),,,,,,,"(39.5, 40.0]"
285,36,-077.96071717 39.67492112,,25.0,65.0,SE,,,-077.96071717,39.67492112,,,POINT (-77.96071717 39.67492112),,,,,,,"(39.5, 40.0]"
286,36,-077.96360539 39.66820650,,22.0,65.0,SE,,,-077.96360539,39.6682065,,,POINT (-77.96360539 39.6682065),,,,,,,"(39.5, 40.0]"
287,36,-077.96711998 39.65827591,,22.0,35.0,SE,,,-077.96711998,39.65827591,,,POINT (-77.96711998 39.65827591),,,,,,,"(39.5, 40.0]"
288,36,-077.97328103 39.65600631,,167.0,45.0,SW,,,-077.97328103,39.65600631,,,POINT (-77.97328103 39.65600631),,,,,,,"(39.5, 40.0]"
289,36,-077.97080905 39.65471405,,158.0,25.0,SW,,,-077.97080905,39.65471405,,,POINT (-77.97080905 39.65471405),,,,,,,"(39.5, 40.0]"
290,36,-077.96953164 39.65575811,,27.0,50.0,SE,,,-077.96953164,39.65575811,,,POINT (-77.96953164 39.65575811),,,,,,,"(39.5, 40.0]"
291,36,-077.97080905 39.65471405,ClearSpring_crosssection,,,,115.0,,-077.97080905,39.65471405,,,POINT (-77.97080905 39.65471405),,,,,,115.0,"(39.5, 40.0]"
292,36,-077.97080905 39.65471405,ClearSpring_FairviewMtn,,,,100.0,,-077.97080905,39.65471405,,,POINT (-77.97080905 39.65471405),,,,,,100.0,"(39.5, 40.0]"
293,9999,,,30.0,62.0,120,,,-80.17330521,37.98584229,145.0,1.0,POINT (-80.17330521 37.98584229),1998,6.0,"(37.5, 38.0]",SE,,,"(37.5, 38.0]"
294,9999,,,30.0,51.0,120,,,-80.17330521,37.98584229,144.0,1.0,POINT (-80.17330521 37.98584229),1997,6.0,"(37.5, 38.0]",SE,,,"(37.5, 38.0]"
295,9999,,,60.0,25.0,150,,,-79.88525633,38.32008184,145.0,1.0,POINT (-79.88525633 38.32008184),96,12.0,"(38.0, 38.5]",SE,,,"(38.0, 38.5]"
296,9999,,,219.0,23.0,309,,,-79.43558318,38.50157351,62.0,1.0,POINT (-79.43558318 38.50157351),63,18.0,"(38.5, 39.0]",NW,104.83333333333331,104.83333333333331,"(38.5, 39.0]"
297,9999,,,208.0,39.0,298,,,-79.43558318,38.50157351,55.0,1.0,POINT (-79.43558318 38.50157351),56,18.0,"(38.5, 39.0]",NW,104.83333333333331,104.83333333333331,"(38.5, 39.0]"
298,9999,,,213.0,21.0,303,,,-79.43558318,38.50157351,50.0,1.0,POINT (-79.43558318 38.50157351),51,18.0,"(38.5, 39.0]",NW,104.83333333333331,104.83333333333331,"(38.5, 39.0]"
299,9999,,,31.0,44.0,121,,,-79.43558318,38.50157351,38.0,1.0,POINT (-79.43558318 38.50157351),39,18.0,"(38.5, 39.0]",SE,104.83333333333331,104.83333333333331,"(38.5, 39.0]"
300,9999,,,28.0,51.0,118,,,-79.43558318,38.50157351,34.0,1.0,POINT (-79.43558318 38.50157351),35,18.0,"(38.5, 39.0]",SE,104.83333333333331,104.83333333333331,"(38.5, 39.0]"
301,9999,,,349.0,43.0,79,,,-79.22914695,39.05074823,686.0,1.0,POINT (-79.22914695 39.05074823),726,21.0,"(39.0, 39.5]",SE,115.16071428571428,115.16071428571428,"(39.0, 39.5]"
302,9999,,,200.0,73.0,290,,,-79.22914695,39.05074823,685.0,1.0,POINT (-79.22914695 39.05074823),725,21.0,"(39.0, 39.5]",NW,115.16071428571428,115.16071428571428,"(39.0, 39.5]"
303,9999,,,325.0,24.0,55,,,-79.22914695,39.05074823,684.0,1.0,POINT (-79.22914695 39.05074823),724,21.0,"(39.0, 39.5]",SE,115.16071428571428,115.16071428571428,"(39.0, 39.5]"
304,9999,,,319.0,45.0,49,,,-79.22914695,39.05074823,692.0,1.0,POINT (-79.22914695 39.05074823),732,21.0,"(39.0, 39.5]",SE,115.16071428571428,115.16071428571428,"(39.0, 39.5]"
305,9999,,,256.0,72.0,346,,,-79.22914695,39.05074823,693.0,1.0,POINT (-79.22914695 39.05074823),733,21.0,"(39.0, 39.5]",NW,115.16071428571428,115.16071428571428,"(39.0, 39.5]"
306,9999,,,201.0,20.0,291,,,-79.22914695,39.05074823,912.0,1.0,POINT (-79.22914695 39.05074823),976,21.0,"(39.0, 39.5]",NW,115.16071428571428,115.16071428571428,"(39.0, 39.5]"
307,9999,,,18.0,80.0,108,,,-78.64254044,39.00980387,2027.0,4.0,POINT (-78.64254044 39.00980387),,27.0,"(39.0, 39.5]",SE,66.6,66.6,"(39.0, 39.5]"
308,9999,,,249.0,65.0,339,,,-78.64254044,39.00980387,2026.0,1.0,POINT (-78.64254044 39.00980387),,27.0,"(39.0, 39.5]",NW,66.6,66.6,"(39.0, 39.5]"
309,9999,,,338.0,37.0,68,,,-78.64254044,39.00980387,1976.0,1.0,POINT (-78.64254044 39.00980387),,27.0,"(39.0, 39.5]",SE,66.6,66.6,"(39.0, 39.5]"
310,9999,,,304.0,28.0,34,,,-78.64254044,39.00980387,2022.0,1.0,POINT (-78.64254044 39.00980387),,27.0,"(39.0, 39.5]",SE,66.6,66.6,"(39.0, 39.5]"
311,9999,,,49.0,90.0,139,,,-78.64254044,39.00980387,2023.0,3.0,POINT (-78.64254044 39.00980387),,27.0,"(39.0, 39.5]",SE,66.6,66.6,"(39.0, 39.5]"
312,9999,,,15.0,41.0,105,,,-78.64254044,39.00980387,1977.0,1.0,POINT (-78.64254044 39.00980387),,27.0,"(39.0, 39.5]",SE,66.6,66.6,"(39.0, 39.5]"
313,9999,,,254.0,75.0,344,,,-78.64254044,39.00980387,1978.0,1.0,POINT (-78.64254044 39.00980387),,27.0,"(39.0, 39.5]",NW,66.6,66.6,"(39.0, 39.5]"
314,9999,,,244.0,75.0,334,,,-78.64254044,39.00980387,1979.0,1.0,POINT (-78.64254044 39.00980387),,27.0,"(39.0, 39.5]",NW,66.6,66.6,"(39.0, 39.5]"
315,9999,,,314.0,60.0,44,,,-78.64254044,39.00980387,1980.0,1.0,POINT (-78.64254044 39.00980387),,27.0,"(39.0, 39.5]",SE,66.6,66.6,"(39.0, 39.5]"
316,9999,,,266.0,55.0,356,,,-78.64254044,39.00980387,2021.0,1.0,POINT (-78.64254044 39.00980387),,27.0,"(39.0, 39.5]",NW,66.6,66.6,"(39.0, 39.5]"
317,9999,,,47.0,90.0,137,,,-78.64254044,39.00980387,2020.0,3.0,POINT (-78.64254044 39.00980387),,27.0,"(39.0, 39.5]",SE,66.6,66.6,"(39.0, 39.5]"
318,9999,,,9.0,51.0,99,,,-78.64254044,39.00980387,1981.0,1.0,POINT (-78.64254044 39.00980387),,27.0,"(39.0, 39.5]",SE,66.6,66.6,"(39.0, 39.5]"
319,9999,,,346.0,27.0,76,,,-78.64254044,39.00980387,1932.0,1.0,POINT (-78.64254044 39.00980387),,27.0,"(39.0, 39.5]",SE,66.6,66.6,"(39.0, 39.5]"
320,9999,,,28.0,55.0,118,,,-78.64254044,39.00980387,2019.0,1.0,POINT (-78.64254044 39.00980387),,27.0,"(39.0, 39.5]",SE,66.6,66.6,"(39.0, 39.5]"
321,9999,,,239.0,85.0,329,,,-78.64254044,39.00980387,1983.0,1.0,POINT (-78.64254044 39.00980387),,27.0,"(39.0, 39.5]",NW,66.6,66.6,"(39.0, 39.5]"
322,9999,,,63.0,74.0,153,,,-78.64254044,39.00980387,1982.0,4.0,POINT (-78.64254044 39.00980387),,27.0,"(39.0, 39.5]",SE,66.6,66.6,"(39.0, 39.5]"
323,9999,,,8.0,40.0,98,,,-78.64254044,39.00980387,2017.0,1.0,POINT (-78.64254044 39.00980387),,27.0,"(39.0, 39.5]",SE,66.6,66.6,"(39.0, 39.5]"
324,9999,,,59.0,65.0,149,,,-78.64254044,39.00980387,1984.0,4.0,POINT (-78.64254044 39.00980387),,27.0,"(39.0, 39.5]",SE,66.6,66.6,"(39.0, 39.5]"
325,9999,,,2.0,22.0,92,,,-78.64254044,39.00980387,1949.0,1.0,POINT (-78.64254044 39.00980387),,27.0,"(39.0, 39.5]",SE,66.6,66.6,"(39.0, 39.5]"
326,9999,,,54.0,80.0,144,,,-78.64254044,39.00980387,1985.0,4.0,POINT (-78.64254044 39.00980387),,27.0,"(39.0, 39.5]",SE,66.6,66.6,"(39.0, 39.5]"
327,9999,,,341.0,25.0,71,,,-78.64254044,39.00980387,1933.0,1.0,POINT (-78.64254044 39.00980387),,27.0,"(39.0, 39.5]",SE,66.6,66.6,"(39.0, 39.5]"
328,9999,,,54.0,50.0,144,,,-78.64254044,39.00980387,1986.0,4.0,POINT (-78.64254044 39.00980387),,27.0,"(39.0, 39.5]",SE,66.6,66.6,"(39.0, 39.5]"
329,9999,,,47.0,38.0,137,,,-78.64254044,39.00980387,1988.0,1.0,POINT (-78.64254044 39.00980387),,27.0,"(39.0, 39.5]",SE,66.6,66.6,"(39.0, 39.5]"
330,9999,,,343.0,11.0,73,,,-78.64254044,39.00980387,1951.0,1.0,POINT (-78.64254044 39.00980387),,27.0,"(39.0, 39.5]",SE,66.6,66.6,"(39.0, 39.5]"
331,9999,,,40.0,28.0,130,,,-78.64254044,39.00980387,1989.0,1.0,POINT (-78.64254044 39.00980387),,27.0,"(39.0, 39.5]",SE,66.6,66.6,"(39.0, 39.5]"
332,9999,,,324.0,27.0,54,,,-78.64254044,39.00980387,1990.0,1.0,POINT (-78.64254044 39.00980387),,27.0,"(39.0, 39.5]",SE,66.6,66.6,"(39.0, 39.5]"
333,9999,,,0.0,0.0,0,,,-79.22914695,39.05074823,717.0,2.0,POINT (-79.22914695 39.05074823),757,21.0,"(39.0, 39.5]",NW,115.16071428571428,115.16071428571428,"(39.0, 39.5]"
334,9999,,,0.0,0.0,0,,,-79.22914695,39.05074823,718.0,2.0,POINT (-79.22914695 39.05074823),758,21.0,"(39.0, 39.5]",NW,115.16071428571428,115.16071428571428,"(39.0, 39.5]"
335,9999,,,15.0,17.0,105,,,-79.22914695,39.05074823,716.0,1.0,POINT (-79.22914695 39.05074823),756,21.0,"(39.0, 39.5]",SE,115.16071428571428,115.16071428571428,"(39.0, 39.5]"
336,9999,,,30.0,32.0,120,,,-79.22914695,39.05074823,719.0,1.0,POINT (-79.22914695 39.05074823),759,21.0,"(39.0, 39.5]",SE,115.16071428571428,115.16071428571428,"(39.0, 39.5]"
337,9999,,,188.0,30.0,278,,,-79.22914695,39.05074823,733.0,1.0,POINT (-79.22914695 39.05074823),773,21.0,"(39.0, 39.5]",NW,115.16071428571428,115.16071428571428,"(39.0, 39.5]"
338,9999,,,188.0,45.0,278,,,-79.22914695,39.05074823,732.0,1.0,POINT (-79.22914695 39.05074823),772,21.0,"(39.0, 39.5]",NW,115.16071428571428,115.16071428571428,"(39.0, 39.5]"
339,9999,,,10.0,5.0,100,,,-79.22914695,39.05074823,731.0,1.0,POINT (-79.22914695 39.05074823),771,21.0,"(39.0, 39.5]",SE,115.16071428571428,115.16071428571428,"(39.0, 39.5]"
340,9999,,,201.0,57.0,290,,,-79.22914695,39.05074823,1017.0,1.0,POINT (-79.22914695 39.05074823),777,21.0,"(39.0, 39.5]",NW,115.16071428571428,115.16071428571428,"(39.0, 39.5]"
341,9999,,,15.0,28.0,105,,,-79.22914695,39.05074823,737.0,1.0,POINT (-79.22914695 39.05074823),776A,21.0,"(39.0, 39.5]",SE,115.16071428571428,115.16071428571428,"(39.0, 39.5]"
342,9999,,,12.0,20.0,102,,,-79.12863364,39.21341716,42.0,1.0,POINT (-79.12863364 39.21341716),95,22.0,"(39.0, 39.5]",SE,,,"(39.0, 39.5]"
343,9999,,,220.0,75.0,310,,,-79.04787675,39.32706361,309.0,1.0,POINT (-79.04787675 39.32706361),282,23.0,"(39.0, 39.5]",NW,133.0,133.0,"(39.0, 39.5]"
344,9999,,,348.0,5.0,78,,,-79.04787675,39.32706361,345.0,1.0,POINT (-79.04787675 39.32706361),278,23.0,"(39.0, 39.5]",SE,133.0,133.0,"(39.0, 39.5]"
345,9999,,,225.0,9.0,315,,,-79.04787675,39.32706361,344.0,1.0,POINT (-79.04787675 39.32706361),279,23.0,"(39.0, 39.5]",NW,133.0,133.0,"(39.0, 39.5]"
346,9999,,,9.0,13.0,99,,,-78.64254044,39.00980387,2035.0,1.0,POINT (-78.64254044 39.00980387),,27.0,"(39.0, 39.5]",SE,66.6,66.6,"(39.0, 39.5]"
347,9999,,,223.0,45.0,313,,,-78.64254044,39.00980387,2034.0,1.0,POINT (-78.64254044 39.00980387),,27.0,"(39.0, 39.5]",NW,66.6,66.6,"(39.0, 39.5]"
348,9999,,,29.0,75.0,119,,,-78.64254044,39.00980387,2029.0,4.0,POINT (-78.64254044 39.00980387),,27.0,"(39.0, 39.5]",SE,66.6,66.6,"(39.0, 39.5]"
349,9999,,,39.0,77.0,129,,,-78.64254044,39.00980387,2031.0,1.0,POINT (-78.64254044 39.00980387),,27.0,"(39.0, 39.5]",SE,66.6,66.6,"(39.0, 39.5]"
350,9999,,,51.0,70.0,141,,,-78.64254044,39.00980387,2025.0,1.0,POINT (-78.64254044 39.00980387),,27.0,"(39.0, 39.5]",SE,66.6,66.6,"(39.0, 39.5]"
351,9999,,,32.0,78.0,122,,,-78.64254044,39.00980387,2024.0,4.0,POINT (-78.64254044 39.00980387),,27.0,"(39.0, 39.5]",SE,66.6,66.6,"(39.0, 39.5]"
352,9999,,,265.0,51.0,355,,,-78.64254044,39.00980387,1972.0,1.0,POINT (-78.64254044 39.00980387),,27.0,"(39.0, 39.5]",NW,66.6,66.6,"(39.0, 39.5]"
353,9999,,,245.0,58.0,335,,,-78.64254044,39.00980387,1973.0,1.0,POINT (-78.64254044 39.00980387),,27.0,"(39.0, 39.5]",NW,66.6,66.6,"(39.0, 39.5]"
354,9999,,,50.0,32.0,140,,,-78.64254044,39.00980387,2015.0,1.0,POINT (-78.64254044 39.00980387),,27.0,"(39.0, 39.5]",SE,66.6,66.6,"(39.0, 39.5]"
355,9999,,,250.0,45.0,340,,,-78.64254044,39.00980387,1994.0,1.0,POINT (-78.64254044 39.00980387),,27.0,"(39.0, 39.5]",NW,66.6,66.6,"(39.0, 39.5]"
356,9999,,,39.0,64.0,129,,,-78.64254044,39.00980387,2010.0,1.0,POINT (-78.64254044 39.00980387),,27.0,"(39.0, 39.5]",SE,66.6,66.6,"(39.0, 39.5]"
357,9999,,,235.0,70.0,325,,,-78.64254044,39.00980387,2009.0,1.0,POINT (-78.64254044 39.00980387),,27.0,"(39.0, 39.5]",NW,66.6,66.6,"(39.0, 39.5]"
358,9999,,,104.0,12.0,194,,,-78.35982768,39.42406272,5876.0,1.0,POINT (-78.35982768 39.42406272),,30.0,"(39.0, 39.5]",SE,99.85714285714286,99.85714285714286,"(39.0, 39.5]"
359,9999,,,134.0,33.0,224,,,-78.35982768,39.42406272,5875.0,1.0,POINT (-78.35982768 39.42406272),,30.0,"(39.0, 39.5]",NW,99.85714285714286,99.85714285714286,"(39.0, 39.5]"
360,9999,,,144.0,35.0,234,,,-78.35982768,39.42406272,5871.0,1.0,POINT (-78.35982768 39.42406272),,30.0,"(39.0, 39.5]",NW,99.85714285714286,99.85714285714286,"(39.0, 39.5]"
361,9999,,,166.0,13.0,256,,,-78.35982768,39.42406272,5873.0,1.0,POINT (-78.35982768 39.42406272),,30.0,"(39.0, 39.5]",NW,99.85714285714286,99.85714285714286,"(39.0, 39.5]"
362,9999,,,75.0,15.0,165,,,-78.35982768,39.42406272,5874.0,1.0,POINT (-78.35982768 39.42406272),,30.0,"(39.0, 39.5]",SE,99.85714285714286,99.85714285714286,"(39.0, 39.5]"
363,9999,,,184.0,43.0,274,,,-78.35982768,39.42406272,5872.0,1.0,POINT (-78.35982768 39.42406272),,30.0,"(39.0, 39.5]",NW,99.85714285714286,99.85714285714286,"(39.0, 39.5]"
364,9999,,,191.0,63.0,281,,,-78.35982768,39.42406272,5910.0,1.0,POINT (-78.35982768 39.42406272),,30.0,"(39.0, 39.5]",NW,99.85714285714286,99.85714285714286,"(39.0, 39.5]"
365,9999,,,14.0,28.0,104,,,-78.35982768,39.42406272,5903.0,1.0,POINT (-78.35982768 39.42406272),,30.0,"(39.0, 39.5]",SE,99.85714285714286,99.85714285714286,"(39.0, 39.5]"
366,9999,,,206.0,78.0,296,,,-78.35982768,39.42406272,5908.0,1.0,POINT (-78.35982768 39.42406272),,30.0,"(39.0, 39.5]",NW,99.85714285714286,99.85714285714286,"(39.0, 39.5]"
367,9999,,,51.0,88.0,141,,,-78.35982768,39.42406272,5899.0,4.0,POINT (-78.35982768 39.42406272),,30.0,"(39.0, 39.5]",SE,99.85714285714286,99.85714285714286,"(39.0, 39.5]"
368,9999,,,201.0,58.0,291,,,-78.35982768,39.42406272,5909.0,1.0,POINT (-78.35982768 39.42406272),,30.0,"(39.0, 39.5]",NW,99.85714285714286,99.85714285714286,"(39.0, 39.5]"
369,9999,,,204.0,51.0,294,,,-78.35982768,39.42406272,5905.0,1.0,POINT (-78.35982768 39.42406272),,30.0,"(39.0, 39.5]",NW,99.85714285714286,99.85714285714286,"(39.0, 39.5]"
370,9999,,,192.0,67.0,282,,,-78.35982768,39.42406272,5907.0,1.0,POINT (-78.35982768 39.42406272),,30.0,"(39.0, 39.5]",NW,99.85714285714286,99.85714285714286,"(39.0, 39.5]"
371,9999,,,25.0,55.0,115,,,-78.35982768,39.42406272,5906.0,1.0,POINT (-78.35982768 39.42406272),,30.0,"(39.0, 39.5]",SE,99.85714285714286,99.85714285714286,"(39.0, 39.5]"
372,9999,,,208.0,82.0,298,,,-78.35982768,39.42406272,5934.0,1.0,POINT (-78.35982768 39.42406272),,30.0,"(39.0, 39.5]",NW,99.85714285714286,99.85714285714286,"(39.0, 39.5]"
373,9999,,,202.0,72.0,292,,,-78.35982768,39.42406272,5930.0,1.0,POINT (-78.35982768 39.42406272),,30.0,"(39.0, 39.5]",NW,99.85714285714286,99.85714285714286,"(39.0, 39.5]"
374,9999,,,198.0,65.0,288,,,-78.35982768,39.42406272,5931.0,1.0,POINT (-78.35982768 39.42406272),,30.0,"(39.0, 39.5]",NW,99.85714285714286,99.85714285714286,"(39.0, 39.5]"
375,9999,,,24.0,52.0,114,,,-78.35982768,39.42406272,5933.0,4.0,POINT (-78.35982768 39.42406272),,30.0,"(39.0, 39.5]",SE,99.85714285714286,99.85714285714286,"(39.0, 39.5]"
376,9999,,,196.0,77.0,286,,,-78.35982768,39.42406272,5932.0,1.0,POINT (-78.35982768 39.42406272),,30.0,"(39.0, 39.5]",NW,99.85714285714286,99.85714285714286,"(39.0, 39.5]"
377,9999,,,15.0,6.0,105,,,-78.35982768,39.42406272,5924.0,1.0,POINT (-78.35982768 39.42406272),,30.0,"(39.0, 39.5]",SE,99.85714285714286,99.85714285714286,"(39.0, 39.5]"
378,9999,,,194.0,41.0,284,,,-78.35982768,39.42406272,5923.0,1.0,POINT (-78.35982768 39.42406272),,30.0,"(39.0, 39.5]",NW,99.85714285714286,99.85714285714286,"(39.0, 39.5]"
379,9999,,,200.0,74.0,290,,,-78.35982768,39.42406272,6613.0,1.0,POINT (-78.35982768 39.42406272),,30.0,"(39.0, 39.5]",NW,99.85714285714286,99.85714285714286,"(39.0, 39.5]"
380,9999,,,199.0,29.0,289,,,-78.35982768,39.42406272,5922.0,1.0,POINT (-78.35982768 39.42406272),,30.0,"(39.0, 39.5]",NW,99.85714285714286,99.85714285714286,"(39.0, 39.5]"
381,9999,,,197.0,25.0,287,,,-78.35982768,39.42406272,5920.0,1.0,POINT (-78.35982768 39.42406272),,30.0,"(39.0, 39.5]",NW,99.85714285714286,99.85714285714286,"(39.0, 39.5]"
382,9999,,,210.0,88.0,300,,,-78.35982768,39.42406272,5936.0,1.0,POINT (-78.35982768 39.42406272),,30.0,"(39.0, 39.5]",NW,99.85714285714286,99.85714285714286,"(39.0, 39.5]"
383,9999,,,38.0,8.0,128,,,-78.35982768,39.42406272,5935.0,1.0,POINT (-78.35982768 39.42406272),,30.0,"(39.0, 39.5]",SE,99.85714285714286,99.85714285714286,"(39.0, 39.5]"
384,9999,,,191.0,33.0,281,,,-78.35982768,39.42406272,5921.0,1.0,POINT (-78.35982768 39.42406272),,30.0,"(39.0, 39.5]",NW,99.85714285714286,99.85714285714286,"(39.0, 39.5]"
385,9999,,,11.0,71.0,101,,,-78.35982768,39.42406272,6026.0,1.0,POINT (-78.35982768 39.42406272),,30.0,"(39.0, 39.5]",SE,99.85714285714286,99.85714285714286,"(39.0, 39.5]"
386,9999,,,196.0,73.0,286,,,-78.35982768,39.42406272,6020.0,1.0,POINT (-78.35982768 39.42406272),,30.0,"(39.0, 39.5]",NW,99.85714285714286,99.85714285714286,"(39.0, 39.5]"
387,9999,,,197.0,45.0,287,,,-78.35982768,39.42406272,6610.0,1.0,POINT (-78.35982768 39.42406272),,30.0,"(39.0, 39.5]",NW,99.85714285714286,99.85714285714286,"(39.0, 39.5]"
388,9999,,,26.0,12.0,116,,,-78.35982768,39.42406272,6008.0,1.0,POINT (-78.35982768 39.42406272),,30.0,"(39.0, 39.5]",SE,99.85714285714286,99.85714285714286,"(39.0, 39.5]"
389,9999,,,58.0,14.0,148,,,-78.35982768,39.42406272,6007.0,1.0,POINT (-78.35982768 39.42406272),,30.0,"(39.0, 39.5]",SE,99.85714285714286,99.85714285714286,"(39.0, 39.5]"
390,9999,,,47.0,5.0,137,,,-78.35982768,39.42406272,6025.0,1.0,POINT (-78.35982768 39.42406272),,30.0,"(39.0, 39.5]",SE,99.85714285714286,99.85714285714286,"(39.0, 39.5]"
391,9999,,,207.0,32.0,297,,,-78.35982768,39.42406272,6024.0,1.0,POINT (-78.35982768 39.42406272),,30.0,"(39.0, 39.5]",NW,99.85714285714286,99.85714285714286,"(39.0, 39.5]"
392,9999,,,214.0,36.0,304,,,-78.35982768,39.42406272,6023.0,1.0,POINT (-78.35982768 39.42406272),,30.0,"(39.0, 39.5]",NW,99.85714285714286,99.85714285714286,"(39.0, 39.5]"
393,9999,,,188.0,25.0,278,,,-78.35982768,39.42406272,6021.0,1.0,POINT (-78.35982768 39.42406272),,30.0,"(39.0, 39.5]",NW,99.85714285714286,99.85714285714286,"(39.0, 39.5]"
394,9999,,,21.0,33.0,111,,,-78.35982768,39.42406272,6016.0,1.0,POINT (-78.35982768 39.42406272),,30.0,"(39.0, 39.5]",SE,99.85714285714286,99.85714285714286,"(39.0, 39.5]"
395,9999,,,181.0,24.0,271,,,-78.35982768,39.42406272,6022.0,1.0,POINT (-78.35982768 39.42406272),,30.0,"(39.0, 39.5]",NW,99.85714285714286,99.85714285714286,"(39.0, 39.5]"
396,9999,,,186.0,54.0,276,,,-78.35982768,39.42406272,6017.0,1.0,POINT (-78.35982768 39.42406272),,30.0,"(39.0, 39.5]",NW,99.85714285714286,99.85714285714286,"(39.0, 39.5]"
397,9999,,,21.0,39.0,111,,,-78.35982768,39.42406272,6019.0,1.0,POINT (-78.35982768 39.42406272),,30.0,"(39.0, 39.5]",SE,99.85714285714286,99.85714285714286,"(39.0, 39.5]"
398,9999,,,194.0,47.0,284,,,-78.35982768,39.42406272,6039.0,1.0,POINT (-78.35982768 39.42406272),,30.0,"(39.0, 39.5]",NW,99.85714285714286,99.85714285714286,"(39.0, 39.5]"
399,9999,,,24.0,54.0,114,,,-78.35982768,39.42406272,6038.0,1.0,POINT (-78.35982768 39.42406272),,30.0,"(39.0, 39.5]",SE,99.85714285714286,99.85714285714286,"(39.0, 39.5]"
400,9999,,,58.0,15.0,148,,,-78.35982768,39.42406272,6034.0,1.0,POINT (-78.35982768 39.42406272),,30.0,"(39.0, 39.5]",SE,99.85714285714286,99.85714285714286,"(39.0, 39.5]"
401,9999,,,212.0,24.0,302,,,-78.35982768,39.42406272,6050.0,1.0,POINT (-78.35982768 39.42406272),,30.0,"(39.0, 39.5]",NW,99.85714285714286,99.85714285714286,"(39.0, 39.5]"
402,9999,,,190.0,58.0,280,,,-78.35982768,39.42406272,6041.0,1.0,POINT (-78.35982768 39.42406272),,30.0,"(39.0, 39.5]",NW,99.85714285714286,99.85714285714286,"(39.0, 39.5]"
403,9999,,,58.0,19.0,148,,,-78.35982768,39.42406272,6035.0,1.0,POINT (-78.35982768 39.42406272),,30.0,"(39.0, 39.5]",SE,99.85714285714286,99.85714285714286,"(39.0, 39.5]"
404,9999,,,189.0,26.0,279,,,-78.35982768,39.42406272,6040.0,1.0,POINT (-78.35982768 39.42406272),,30.0,"(39.0, 39.5]",NW,99.85714285714286,99.85714285714286,"(39.0, 39.5]"
405,9999,,,30.0,24.0,120,,,-78.35982768,39.42406272,6036.0,1.0,POINT (-78.35982768 39.42406272),,30.0,"(39.0, 39.5]",SE,99.85714285714286,99.85714285714286,"(39.0, 39.5]"
406,9999,,,105.0,28.0,195,,,-78.35982768,39.42406272,6048.0,1.0,POINT (-78.35982768 39.42406272),,30.0,"(39.0, 39.5]",SE,99.85714285714286,99.85714285714286,"(39.0, 39.5]"
407,9999,,,99.0,20.0,189,,,-78.35982768,39.42406272,6047.0,1.0,POINT (-78.35982768 39.42406272),,30.0,"(39.0, 39.5]",SE,99.85714285714286,99.85714285714286,"(39.0, 39.5]"
408,9999,,,183.0,83.0,273,,,-78.35982768,39.42406272,6046.0,1.0,POINT (-78.35982768 39.42406272),,30.0,"(39.0, 39.5]",NW,99.85714285714286,99.85714285714286,"(39.0, 39.5]"
409,9999,,,191.0,70.0,281,,,-78.35982768,39.42406272,6045.0,1.0,POINT (-78.35982768 39.42406272),,30.0,"(39.0, 39.5]",NW,99.85714285714286,99.85714285714286,"(39.0, 39.5]"
410,9999,,,42.0,32.0,132,,,-78.35982768,39.42406272,6049.0,1.0,POINT (-78.35982768 39.42406272),,30.0,"(39.0, 39.5]",SE,99.85714285714286,99.85714285714286,"(39.0, 39.5]"
411,9999,,,27.0,28.0,117,,,-78.35982768,39.42406272,6182.0,1.0,POINT (-78.35982768 39.42406272),,30.0,"(39.0, 39.5]",SE,99.85714285714286,99.85714285714286,"(39.0, 39.5]"
412,9999,,,93.0,6.0,183,,,-78.35982768,39.42406272,6210.0,1.0,POINT (-78.35982768 39.42406272),,30.0,"(39.0, 39.5]",SE,99.85714285714286,99.85714285714286,"(39.0, 39.5]"
413,9999,,,113.0,15.0,203,,,-78.35982768,39.42406272,6201.0,1.0,POINT (-78.35982768 39.42406272),,30.0,"(39.0, 39.5]",SE,99.85714285714286,99.85714285714286,"(39.0, 39.5]"
414,9999,,,58.0,45.0,148,,,-78.35982768,39.42406272,6186.0,1.0,POINT (-78.35982768 39.42406272),,30.0,"(39.0, 39.5]",SE,99.85714285714286,99.85714285714286,"(39.0, 39.5]"
415,9999,,,180.0,8.0,270,,,-78.35982768,39.42406272,6200.0,1.0,POINT (-78.35982768 39.42406272),,30.0,"(39.0, 39.5]",NW,99.85714285714286,99.85714285714286,"(39.0, 39.5]"
416,9999,,,18.0,18.0,108,,,-78.35982768,39.42406272,6199.0,1.0,POINT (-78.35982768 39.42406272),,30.0,"(39.0, 39.5]",SE,99.85714285714286,99.85714285714286,"(39.0, 39.5]"
417,9999,,,21.0,32.0,111,,,-78.35982768,39.42406272,6193.0,1.0,POINT (-78.35982768 39.42406272),,30.0,"(39.0, 39.5]",SE,99.85714285714286,99.85714285714286,"(39.0, 39.5]"
418,9999,,,351.0,8.0,81,,,-78.35982768,39.42406272,6192.0,1.0,POINT (-78.35982768 39.42406272),,30.0,"(39.0, 39.5]",SE,99.85714285714286,99.85714285714286,"(39.0, 39.5]"
419,9999,,,96.0,4.0,186,,,-78.35982768,39.42406272,6194.0,1.0,POINT (-78.35982768 39.42406272),,30.0,"(39.0, 39.5]",SE,99.85714285714286,99.85714285714286,"(39.0, 39.5]"
420,9999,,,43.0,45.0,133,,,-78.35982768,39.42406272,6196.0,1.0,POINT (-78.35982768 39.42406272),,30.0,"(39.0, 39.5]",SE,99.85714285714286,99.85714285714286,"(39.0, 39.5]"
421,9999,,,31.0,56.0,121,,,-78.35982768,39.42406272,6195.0,1.0,POINT (-78.35982768 39.42406272),,30.0,"(39.0, 39.5]",SE,99.85714285714286,99.85714285714286,"(39.0, 39.5]"
422,9999,,,205.0,55.0,295,,,-78.35982768,39.42406272,6217.0,1.0,POINT (-78.35982768 39.42406272),,30.0,"(39.0, 39.5]",NW,99.85714285714286,99.85714285714286,"(39.0, 39.5]"
423,9999,,,31.0,12.0,121,,,-78.35982768,39.42406272,6218.0,1.0,POINT (-78.35982768 39.42406272),,30.0,"(39.0, 39.5]",SE,99.85714285714286,99.85714285714286,"(39.0, 39.5]"
424,9999,,,29.0,33.0,119,,,-78.35982768,39.42406272,6187.0,1.0,POINT (-78.35982768 39.42406272),,30.0,"(39.0, 39.5]",SE,99.85714285714286,99.85714285714286,"(39.0, 39.5]"
425,9999,,,203.0,88.0,293,,,-78.35982768,39.42406272,6188.0,1.0,POINT (-78.35982768 39.42406272),,30.0,"(39.0, 39.5]",NW,99.85714285714286,99.85714285714286,"(39.0, 39.5]"
426,9999,,,2.0,21.0,92,,,-78.35982768,39.42406272,6189.0,1.0,POINT (-78.35982768 39.42406272),,30.0,"(39.0, 39.5]",SE,99.85714285714286,99.85714285714286,"(39.0, 39.5]"
427,9999,,,17.0,77.0,107,,,-78.35982768,39.42406272,6230.0,4.0,POINT (-78.35982768 39.42406272),,30.0,"(39.0, 39.5]",SE,99.85714285714286,99.85714285714286,"(39.0, 39.5]"
428,9999,,,30.0,14.0,120,,,-78.27110957,39.59640449,3096.0,1.0,POINT (-78.27110957 39.59640449),,34.0,"(39.5, 40.0]",SE,122.15147783251231,122.15147783251231,"(39.5, 40.0]"
429,9999,,,25.0,12.0,115,,,-78.27110957,39.59640449,3097.0,1.0,POINT (-78.27110957 39.59640449),,34.0,"(39.5, 40.0]",SE,122.15147783251231,122.15147783251231,"(39.5, 40.0]"
430,9999,,,224.0,29.0,314,,,-78.27110957,39.59640449,3101.0,1.0,POINT (-78.27110957 39.59640449),,34.0,"(39.5, 40.0]",NW,122.15147783251231,122.15147783251231,"(39.5, 40.0]"
431,9999,,,46.0,38.0,136,,,-78.27110957,39.59640449,3179.0,1.0,POINT (-78.27110957 39.59640449),,34.0,"(39.5, 40.0]",SE,122.15147783251231,122.15147783251231,"(39.5, 40.0]"
432,9999,,,229.0,20.0,319,,,-78.27110957,39.59640449,3181.0,1.0,POINT (-78.27110957 39.59640449),,34.0,"(39.5, 40.0]",NW,122.15147783251231,122.15147783251231,"(39.5, 40.0]"
433,9999,,,202.0,23.0,292,,,-78.27110957,39.59640449,3174.0,1.0,POINT (-78.27110957 39.59640449),,34.0,"(39.5, 40.0]",NW,122.15147783251231,122.15147783251231,"(39.5, 40.0]"
434,9999,,,205.0,18.0,295,,,-78.27110957,39.59640449,3173.0,1.0,POINT (-78.27110957 39.59640449),,34.0,"(39.5, 40.0]",NW,122.15147783251231,122.15147783251231,"(39.5, 40.0]"
435,9999,,,40.0,87.0,130,,,-78.27110957,39.59640449,3172.0,4.0,POINT (-78.27110957 39.59640449),,34.0,"(39.5, 40.0]",SE,122.15147783251231,122.15147783251231,"(39.5, 40.0]"
436,9999,,,28.0,53.0,118,,,-78.27110957,39.59640449,3168.0,4.0,POINT (-78.27110957 39.59640449),,34.0,"(39.5, 40.0]",SE,122.15147783251231,122.15147783251231,"(39.5, 40.0]"
437,9999,,,241.0,10.0,331,,,-78.27110957,39.59640449,3572.0,1.0,POINT (-78.27110957 39.59640449),,34.0,"(39.5, 40.0]",NW,122.15147783251231,122.15147783251231,"(39.5, 40.0]"
438,9999,,,233.0,23.0,323,,,-78.27110957,39.59640449,3169.0,1.0,POINT (-78.27110957 39.59640449),,34.0,"(39.5, 40.0]",NW,122.15147783251231,122.15147783251231,"(39.5, 40.0]"
439,9999,,,38.0,55.0,128,,,-78.27110957,39.59640449,3573.0,1.0,POINT (-78.27110957 39.59640449),,34.0,"(39.5, 40.0]",SE,122.15147783251231,122.15147783251231,"(39.5, 40.0]"
440,9999,,,224.0,29.0,314,,,-78.27110957,39.59640449,3171.0,1.0,POINT (-78.27110957 39.59640449),,34.0,"(39.5, 40.0]",NW,122.15147783251231,122.15147783251231,"(39.5, 40.0]"
441,9999,,,212.0,47.0,302,,,-78.27110957,39.59640449,3571.0,1.0,POINT (-78.27110957 39.59640449),,34.0,"(39.5, 40.0]",NW,122.15147783251231,122.15147783251231,"(39.5, 40.0]"
442,9999,,,191.0,28.0,281,,,-78.27110957,39.59640449,3183.0,1.0,POINT (-78.27110957 39.59640449),,34.0,"(39.5, 40.0]",NW,122.15147783251231,122.15147783251231,"(39.5, 40.0]"
443,9999,,,16.0,13.0,106,,,-78.27110957,39.59640449,3182.0,1.0,POINT (-78.27110957 39.59640449),,34.0,"(39.5, 40.0]",SE,122.15147783251231,122.15147783251231,"(39.5, 40.0]"
444,9999,,,218.0,42.0,308,,,-78.27110957,39.59640449,3184.0,1.0,POINT (-78.27110957 39.59640449),,34.0,"(39.5, 40.0]",NW,122.15147783251231,122.15147783251231,"(39.5, 40.0]"
445,9999,,,41.0,29.0,131,,,-78.27110957,39.59640449,3170.0,1.0,POINT (-78.27110957 39.59640449),,34.0,"(39.5, 40.0]",SE,122.15147783251231,122.15147783251231,"(39.5, 40.0]"
446,9999,,,18.0,13.0,108,,,-78.27110957,39.59640449,3244.0,1.0,POINT (-78.27110957 39.59640449),,34.0,"(39.5, 40.0]",SE,122.15147783251231,122.15147783251231,"(39.5, 40.0]"
447,9999,,,213.0,17.0,303,,,-78.27110957,39.59640449,3246.0,1.0,POINT (-78.27110957 39.59640449),,34.0,"(39.5, 40.0]",NW,122.15147783251231,122.15147783251231,"(39.5, 40.0]"
448,9999,,,26.0,32.0,116,,,-78.27110957,39.59640449,3242.0,1.0,POINT (-78.27110957 39.59640449),,34.0,"(39.5, 40.0]",SE,122.15147783251231,122.15147783251231,"(39.5, 40.0]"
449,9999,,,19.0,26.0,109,,,-78.27110957,39.59640449,3241.0,1.0,POINT (-78.27110957 39.59640449),,34.0,"(39.5, 40.0]",SE,122.15147783251231,122.15147783251231,"(39.5, 40.0]"
450,9999,,,34.0,21.0,124,,,-78.27110957,39.59640449,3245.0,1.0,POINT (-78.27110957 39.59640449),,34.0,"(39.5, 40.0]",SE,122.15147783251231,122.15147783251231,"(39.5, 40.0]"
451,9999,,,24.0,11.0,114,,,-78.27110957,39.59640449,3240.0,1.0,POINT (-78.27110957 39.59640449),,34.0,"(39.5, 40.0]",SE,122.15147783251231,122.15147783251231,"(39.5, 40.0]"
452,9999,,,292.0,16.0,22,,,-78.27110957,39.59640449,3249.0,1.0,POINT (-78.27110957 39.59640449),,34.0,"(39.5, 40.0]",NW,122.15147783251231,122.15147783251231,"(39.5, 40.0]"
453,9999,,,258.0,12.0,348,,,-78.27110957,39.59640449,3248.0,1.0,POINT (-78.27110957 39.59640449),,34.0,"(39.5, 40.0]",NW,122.15147783251231,122.15147783251231,"(39.5, 40.0]"
454,9999,,,219.0,36.0,309,,,-78.27110957,39.59640449,3250.0,1.0,POINT (-78.27110957 39.59640449),,34.0,"(39.5, 40.0]",NW,122.15147783251231,122.15147783251231,"(39.5, 40.0]"
455,9999,,,231.0,38.0,321,,,-78.27110957,39.59640449,3251.0,1.0,POINT (-78.27110957 39.59640449),,34.0,"(39.5, 40.0]",NW,122.15147783251231,122.15147783251231,"(39.5, 40.0]"
456,9999,,,350.0,16.0,80,,,-78.27110957,39.59640449,3239.0,1.0,POINT (-78.27110957 39.59640449),,34.0,"(39.5, 40.0]",SE,122.15147783251231,122.15147783251231,"(39.5, 40.0]"
457,9999,,,16.0,10.0,106,,,-78.27110957,39.59640449,3253.0,1.0,POINT (-78.27110957 39.59640449),,34.0,"(39.5, 40.0]",SE,122.15147783251231,122.15147783251231,"(39.5, 40.0]"
458,9999,,,13.0,18.0,103,,,-78.27110957,39.59640449,3237.0,1.0,POINT (-78.27110957 39.59640449),,34.0,"(39.5, 40.0]",SE,122.15147783251231,122.15147783251231,"(39.5, 40.0]"
459,9999,,,207.0,47.0,297,,,-78.27110957,39.59640449,3252.0,1.0,POINT (-78.27110957 39.59640449),,34.0,"(39.5, 40.0]",NW,122.15147783251231,122.15147783251231,"(39.5, 40.0]"
460,9999,,,270.0,9.0,360,,,-78.27110957,39.59640449,3402.0,1.0,POINT (-78.27110957 39.59640449),,34.0,"(39.5, 40.0]",NW,122.15147783251231,122.15147783251231,"(39.5, 40.0]"
461,9999,,,186.0,30.0,276,,,-78.27110957,39.59640449,3416.0,1.0,POINT (-78.27110957 39.59640449),,34.0,"(39.5, 40.0]",NW,122.15147783251231,122.15147783251231,"(39.5, 40.0]"
462,9999,,,218.0,21.0,308,,,-78.27110957,39.59640449,3401.0,1.0,POINT (-78.27110957 39.59640449),,34.0,"(39.5, 40.0]",NW,122.15147783251231,122.15147783251231,"(39.5, 40.0]"
463,9999,,,14.0,24.0,104,,,-78.27110957,39.59640449,3403.0,1.0,POINT (-78.27110957 39.59640449),,34.0,"(39.5, 40.0]",SE,122.15147783251231,122.15147783251231,"(39.5, 40.0]"
464,9999,,,214.0,29.0,304,,,-78.27110957,39.59640449,3419.0,1.0,POINT (-78.27110957 39.59640449),,34.0,"(39.5, 40.0]",NW,122.15147783251231,122.15147783251231,"(39.5, 40.0]"
465,9999,,,7.0,6.0,97,,,-78.27110957,39.59640449,3417.0,1.0,POINT (-78.27110957 39.59640449),,34.0,"(39.5, 40.0]",SE,122.15147783251231,122.15147783251231,"(39.5, 40.0]"
466,9999,,,10.0,19.0,100,,,-78.27110957,39.59640449,3414.0,1.0,POINT (-78.27110957 39.59640449),,34.0,"(39.5, 40.0]",SE,122.15147783251231,122.15147783251231,"(39.5, 40.0]"
467,9999,,,16.0,18.0,106,,,-78.27110957,39.59640449,3418.0,1.0,POINT (-78.27110957 39.59640449),,34.0,"(39.5, 40.0]",SE,122.15147783251231,122.15147783251231,"(39.5, 40.0]"
468,9999,,,212.0,88.0,302,,,-78.27110957,39.59640449,3415.0,1.0,POINT (-78.27110957 39.59640449),,34.0,"(39.5, 40.0]",NW,122.15147783251231,122.15147783251231,"(39.5, 40.0]"
469,9999,,,21.0,67.0,111,,,-78.27110957,39.59640449,3404.0,1.0,POINT (-78.27110957 39.59640449),,34.0,"(39.5, 40.0]",SE,122.15147783251231,122.15147783251231,"(39.5, 40.0]"
470,9999,,,15.0,23.0,105,,,-78.27110957,39.59640449,3420.0,1.0,POINT (-78.27110957 39.59640449),,34.0,"(39.5, 40.0]",SE,122.15147783251231,122.15147783251231,"(39.5, 40.0]"
471,9999,,,34.0,42.0,124,,,-78.27110957,39.59640449,3405.0,1.0,POINT (-78.27110957 39.59640449),,34.0,"(39.5, 40.0]",SE,122.15147783251231,122.15147783251231,"(39.5, 40.0]"
472,9999,,,219.0,76.0,309,,,-78.27110957,39.59640449,3407.0,1.0,POINT (-78.27110957 39.59640449),,34.0,"(39.5, 40.0]",NW,122.15147783251231,122.15147783251231,"(39.5, 40.0]"
473,9999,,,200.0,30.0,290,,,-78.27110957,39.59640449,3406.0,1.0,POINT (-78.27110957 39.59640449),,34.0,"(39.5, 40.0]",NW,122.15147783251231,122.15147783251231,"(39.5, 40.0]"
474,9999,,,23.0,11.0,113,,,-78.27110957,39.59640449,3409.0,1.0,POINT (-78.27110957 39.59640449),,34.0,"(39.5, 40.0]",SE,122.15147783251231,122.15147783251231,"(39.5, 40.0]"
475,9999,,,18.0,6.0,108,,,-78.27110957,39.59640449,3408.0,1.0,POINT (-78.27110957 39.59640449),,34.0,"(39.5, 40.0]",SE,122.15147783251231,122.15147783251231,"(39.5, 40.0]"
476,9999,,,17.0,21.0,107,,,-78.27110957,39.59640449,3410.0,1.0,POINT (-78.27110957 39.59640449),,34.0,"(39.5, 40.0]",SE,122.15147783251231,122.15147783251231,"(39.5, 40.0]"
477,9999,,,32.0,16.0,122,,,-78.27110957,39.59640449,3438.0,1.0,POINT (-78.27110957 39.59640449),,34.0,"(39.5, 40.0]",SE,122.15147783251231,122.15147783251231,"(39.5, 40.0]"
478,9999,,,208.0,74.0,298,,,-78.27110957,39.59640449,3445.0,1.0,POINT (-78.27110957 39.59640449),,34.0,"(39.5, 40.0]",NW,122.15147783251231,122.15147783251231,"(39.5, 40.0]"
479,9999,,,1.0,16.0,91,,,-78.27110957,39.59640449,3436.0,1.0,POINT (-78.27110957 39.59640449),,34.0,"(39.5, 40.0]",SE,122.15147783251231,122.15147783251231,"(39.5, 40.0]"
480,9999,,,230.0,38.0,320,,,-78.27110957,39.59640449,3435.0,1.0,POINT (-78.27110957 39.59640449),,34.0,"(39.5, 40.0]",NW,122.15147783251231,122.15147783251231,"(39.5, 40.0]"
481,9999,,,232.0,18.0,322,,,-78.27110957,39.59640449,3433.0,1.0,POINT (-78.27110957 39.59640449),,34.0,"(39.5, 40.0]",NW,122.15147783251231,122.15147783251231,"(39.5, 40.0]"
482,9999,,,229.0,35.0,319,,,-78.27110957,39.59640449,3434.0,1.0,POINT (-78.27110957 39.59640449),,34.0,"(39.5, 40.0]",NW,122.15147783251231,122.15147783251231,"(39.5, 40.0]"
483,9999,,,241.0,27.0,331,,,-78.27110957,39.59640449,3554.0,1.0,POINT (-78.27110957 39.59640449),,34.0,"(39.5, 40.0]",NW,122.15147783251231,122.15147783251231,"(39.5, 40.0]"
484,9999,,,204.0,25.0,294,,,-78.27110957,39.59640449,91.0,1.0,POINT (-78.27110957 39.59640449),,34.0,"(39.5, 40.0]",NW,122.15147783251231,122.15147783251231,"(39.5, 40.0]"
