,tile_name,original_index,easting,northing,i,j,hilltop_id,Cht,S,R,Lh,BasinID,a,b,StreamID,HilltopSlope,DivergentCount,PlanarCountFlag,E_Star,R_Star,EucDist,Citation,Sample ID,Location,Lat (dd),Long (dd),Elevation,Relief,Rock type,Rock typ_1,sample thi,Sample typ,MAP,MAT,Seismicity,Original 1,10Be conce,Published,PER Error,CRONUS,cronus err,geometry,abs_Cht,log_Cht,predicted,resid,index_right,AREA,PERIMETER,PHYSIODD_,PHYSIODD_I,FCODE,FENCODE,DIVISION,PROVINCE,SECTION,PROVCODE,lats
0,CSB-1,21334.5,521368.0,4052720.0,1030.0,908.0,2.0,-0.009878254999999999,0.234547,21.87795,99.61574999999999,160.0,1064.0,874.0,1.0,0.11166899999999999,18.0,95.0,2.42009,0.293184,94.4213,Sullivan (2007),CSB-1,"Blue Ridge Escarpment, Southern Appalachian Mountains, United States",36.62,-80.76,896,491,Gneiss,Metamorphic,3.5,"Escarpment, moderately weathered",1190,10,0.428108,69000,0.69,56.8,7.8,105.87,9.39,POINT (-80.76 36.62),0.009878254999999999,-4.617419402254608,-3.4461181227094833,-1.171301279545125,297,3.91,12.376,299,304,52,5b,APPALACHIAN HIGHLANDS,BLUE RIDGE,SOUTHERN,5,36.62
1,CSB-2,16901.5,386370.0,3921140.0,1307.0,837.0,1.0,-0.0083691,0.336958,37.8685,137.52100000000002,327.0,1316.0,1021.0,1.0,0.217001,45.0,107.0,2.532995,0.4211975,130.60649999999998,Sullivan (2007),CSB-2,"Blue Ridge Escarpment, Southern Appalachian Mountains, United States",35.43,-82.25,658,786,Gneiss,Metamorphic,3.5,Escarpment,1469,11,0.640559,2710000,27.1,1.7,0.2,1.48,0.16,POINT (-82.25 35.43),0.0083691,-4.783208927143903,-5.49579964522753,0.7125907180836268,297,3.91,12.376,299,304,52,5b,APPALACHIAN HIGHLANDS,BLUE RIDGE,SOUTHERN,5,35.43
2,CSB-3,12527.0,386012.0,3942400.0,1131.0,1119.0,1.0,-0.0327904,0.509342,54.71,100.199,236.0,1196.0,1156.0,1.0,0.2377,88.0,30.0,8.10586,0.636677,95.6288,Sullivan (2007),CSB-3,"Blue Ridge Escarpment, Southern Appalachian Mountains, United States",35.62,-82.26,951,647,Metagraywacke & Mica schist,Metamorphic,3.5,Escarpment,1377,11,0.640559,334000,3.34,17.4,2.3,20.62,1.74,POINT (-82.26 35.62),0.0327904,-3.4176194893588754,-4.231374337637391,0.8137548482785153,297,3.91,12.376,299,304,52,5b,APPALACHIAN HIGHLANDS,BLUE RIDGE,SOUTHERN,5,35.62
3,DS-1,14738.5,646307.0,4325960.0,946.0,1107.0,1.0,-0.00184366,0.070784,15.76605,205.51999999999998,79.0,1194.0,1177.0,1.0,0.0608553,0.0,260.0,0.85687,0.08848,199.5355,Hancock and Kirwin (2007),DS-1,"Dolly Sods Plateau, West Virginia, United States",39.07,-79.31,1250,440,Sandstone,Sedimentary,5.0,Flat Outcrop,1347,6,0.19639,1100000,11.0,6.3,1.3,7.55,2.47,POINT (-79.31 39.07),0.00184366,-6.296002552626886,-4.713637016994773,-1.5823655356321131,160,2.999,11.795,162,204,84,8d,APPALACHIAN HIGHLANDS,APPALACHIAN PLATEAUS,ALLEGHENY MOUNTAIN,8,39.07
4,DS-2,14219.5,646267.0,4325830.0,1077.0,1067.0,1.0,-0.0018621,0.0731838,13.599450000000001,182.495,106.0,1274.0,1110.0,1.0,0.060428300000000004,0.0,233.0,0.7535350000000001,0.0914798,177.3305,Hancock and Kirwin (2007),DS-2,"Dolly Sods Plateau, West Virginia, United States",39.07,-79.31,1220,539,Qtz Conglomerate,Sedimentary,5.0,Flat Outcrop,1337,6,0.19639,1290000,12.9,5.2,1.0,6.19,2.89,POINT (-79.31 39.07),0.0018621,-6.286050395876557,-4.808971005745699,-1.477079390130858,160,2.999,11.795,162,204,84,8d,APPALACHIAN HIGHLANDS,APPALACHIAN PLATEAUS,ALLEGHENY MOUNTAIN,8,39.07
5,DS-3,12738.0,646240.0,4325930.0,978.0,1040.0,1.0,-0.00195673,0.0743776,13.9952,174.475,109.0,1222.0,1063.0,1.0,0.0626375,0.0,219.0,0.768424,0.092972,168.93,Hancock and Kirwin (2007),DS-3,"Dolly Sods Plateau, West Virginia, United States",39.07,-79.31,1220,539,Qtz Conglomerate,Sedimentary,5.0,Top of tor,1337,6,0.19639,1990000,19.9,3.3,0.67,3.81,1.12,POINT (-79.31 39.07),0.00195673,-6.2364805663613305,-5.0419178365734885,-1.194562729787842,160,2.999,11.795,162,204,84,8d,APPALACHIAN HIGHLANDS,APPALACHIAN PLATEAUS,ALLEGHENY MOUNTAIN,8,39.07
6,DS-5,7107.0,646046.0,4323830.0,856.0,804.0,1.0,-0.00254037,0.0656778,17.1378,251.476,61.0,643.0,692.0,1.0,0.0531223,0.0,320.0,1.2042,0.0820973,237.406,Hancock and Kirwin (2007),DS-5,"Dolly Sods Plateau, West Virginia, United States",39.05,-79.31,1230,646,Qtz Conglomerate,Sedimentary,5.0,Flat Outcrop,1352,6,0.19639,1020000,10.2,6.7,1.3,8.07,2.16,POINT (-79.31 39.05),0.00254037,-5.975445539269094,-4.68166617586473,-1.2937793634043642,160,2.999,11.795,162,204,84,8d,APPALACHIAN HIGHLANDS,APPALACHIAN PLATEAUS,ALLEGHENY MOUNTAIN,8,39.05
7,DS-6,11018.0,642245.0,4311190.0,1205.0,1111.0,1.0,-0.00553986,0.320859,121.876,407.984,155.0,1314.0,1498.0,1.0,0.236708,36.0,446.0,4.29526,0.401074,402.276,Hancock and Kirwin (2007),DS-6,"Dolly Sods Plateau, West Virginia, United States",38.94,-79.36,1230,661,Sandstone,Sedimentary,5.0,Top of tor,1351,6,0.19639,722000,7.22,9.5,1.8,11.72,3.42,POINT (-79.36 38.94),0.00553986,-5.195786049300378,-4.502557390968565,-0.6932286583318126,160,2.999,11.795,162,204,84,8d,APPALACHIAN HIGHLANDS,APPALACHIAN PLATEAUS,ALLEGHENY MOUNTAIN,8,38.94
8,DS-7,9052.5,642218.0,4311060.0,1335.0,1083.0,1.0,-0.00493697,0.312702,110.20349999999999,371.8385,159.0,1335.0,1498.0,1.0,0.2323615,25.0,411.0,3.281605,0.390877,365.0665,Hancock and Kirwin (2007),DS-7,"Dolly Sods Plateau, West Virginia, United States",38.94,-79.36,1230,970,Sandstone,Sedimentary,5.0,Top of tor,1324,7,0.19639,796000,7.96,8.7,1.7,10.55,2.79,POINT (-79.36 38.94),0.00493697,-5.311003496288589,-4.553039434597425,-0.7579640616911645,160,2.999,11.795,162,204,84,8d,APPALACHIAN HIGHLANDS,APPALACHIAN PLATEAUS,ALLEGHENY MOUNTAIN,8,38.94
9,DS-8,28357.0,640376.0,4323770.0,803.0,1192.0,2.0,-0.00472832,0.188124,20.5529,139.155,176.0,623.0,1130.0,1.0,0.147255,0.0,180.0,1.42267,0.235156,136.001,Hancock and Kirwin (2007),DS-8,"Dolly Sods Plateau, West Virginia, United States",39.05,-79.38,1260,292,Sandstone,Sedimentary,5.0,Top of tor,1342,7,0.19639,2990000,29.9,2.2,0.47,2.46,0.73,POINT (-79.38 39.05),0.00472832,-5.3541853192735624,-5.251902399386771,-0.10228291988679139,160,2.999,11.795,162,204,84,8d,APPALACHIAN HIGHLANDS,APPALACHIAN PLATEAUS,ALLEGHENY MOUNTAIN,8,39.05
10,DS-9,28342.5,640406.0,4323720.0,851.0,1222.0,2.0,-0.004790285,0.18149900000000002,17.875700000000002,117.459,290.0,694.0,1192.0,1.0,0.133119,0.0,151.0,1.257235,0.22687400000000002,115.39500000000001,Hancock and Kirwin (2007),DS-9,"Dolly Sods Plateau, West Virginia, United States",39.05,-79.38,1260,292,Sandstone,Sedimentary,5.0,Top of tor,1342,7,0.19639,2150000,21.5,3.1,0.65,3.6,1.03,POINT (-79.38 39.05),0.004790285,-5.341165370373147,-5.06913160153823,-0.27203376883491703,160,2.999,11.795,162,204,84,8d,APPALACHIAN HIGHLANDS,APPALACHIAN PLATEAUS,ALLEGHENY MOUNTAIN,8,39.05
11,EPP01,23300.5,781269.0,4356150.0,1162.0,1249.0,1.0,-0.0042308499999999995,0.269063,60.25595,227.5235,153.0,1206.5,1111.0,1.0,0.1923375,0.0,276.0,1.88504,0.3363295,220.20850000000002,Portenga (2011),EPP01,"Loudoun Heights, Harpers Ferry National Historic Park, Virginia, United States",39.31,-77.74,170,376,Quartzite,Metamorphic,3.0,Top of flat-lying outcrop,1028,11,0.232701,762174,7.62,,,4.3,0.36,POINT (-77.74 39.31),0.0042308499999999995,-5.465352360484341,-4.983844636464253,-0.481507724020088,159,7.235,22.16,161,191,62,6b,APPALACHIAN HIGHLANDS,VALLEY AND RIDGE,MIDDLE,6,39.31
12,EPP02,22530.5,781172.0,4356050.0,1261.0,1153.0,2.0,-0.00412101,0.2648195,55.930499999999995,223.5215,158.0,1292.0,970.0,1.0,0.19993450000000001,0.0,272.0,1.842235,0.3310245,216.22750000000002,Portenga (2011),EPP02,"Loudoun Heights, Harpers Ferry National Historic Park, Virginia, United States",39.31,-77.74,170,376,Quartzite,Metamorphic,2.0,Top of flat-lying outcrop,1028,11,0.232701,581777,5.82,,,5.96,0.48,POINT (-77.74 39.31),0.00412101,-5.491657000032914,-4.827146016442938,-0.6645109835899765,159,7.235,22.16,161,191,62,6b,APPALACHIAN HIGHLANDS,VALLEY AND RIDGE,MIDDLE,6,39.31
13,EPP04,18589.0,804967.0,4385920.0,1200.0,1075.0,1.0,-0.00326635,0.228428,47.3597,274.593,160.0,1222.0,1353.0,1.0,0.181525,0.0,328.0,1.77841,0.285535,267.379,Portenga (2011),EPP04,"White Rocks, Cunningham Falls State Park, Maryland, United States",39.57,-77.45,468,441,Quartzite,Metamorphic,5.0,Outcrop near cliff edge,1104,10,0.252288,1239538,12.4,,,3.11,0.27,POINT (-77.45 39.57),0.00326635,-5.724082125448097,-5.139360938788273,-0.5847211866598245,224,0.782,8.781,226,241,51,5a,APPALACHIAN HIGHLANDS,BLUE RIDGE,NORTHERN,5,39.57
14,EPP05,18593.5,804967.0,4385920.0,1200.0,1075.0,1.0,-0.003266335,0.2283945,47.340900000000005,274.4865,159.0,1222.0,1353.0,1.0,0.18146600000000002,0.0,328.0,1.77875,0.2854935,267.3315,Portenga (2011),EPP05,"White Rocks, Cunningham Falls State Park, Maryland, United States",39.57,-77.45,468,439,Quartzite,Metamorphic,5.0,Outcrop on summit-flats,1104,10,0.252288,678285,6.78,,,6.29,0.5,POINT (-77.45 39.57),0.003266335,-5.724086717740547,-4.801278533418094,-0.9228081843224532,224,0.782,8.781,226,241,51,5a,APPALACHIAN HIGHLANDS,BLUE RIDGE,NORTHERN,5,39.57
15,EPP06,18589.0,804967.0,4385920.0,1200.0,1075.0,1.0,-0.00326599,0.228438,47.3717,274.633,160.0,1222.0,1353.0,1.0,0.181556,0.0,328.0,1.77846,0.285548,267.446,Portenga (2011),EPP06,"White Rocks, Cunningham Falls State Park, Maryland, United States",39.57,-77.45,468,439,Quartzite,Metamorphic,7.0,Outcrop on summit-flats,1104,10,0.252288,975643,9.76,,,4.06,0.35,POINT (-77.45 39.57),0.00326599,-5.724192346287908,-5.011412020025474,-0.7127803262624344,224,0.782,8.781,226,241,51,5a,APPALACHIAN HIGHLANDS,BLUE RIDGE,NORTHERN,5,39.57
16,EPP07,18592.0,804967.0,4385920.0,1200.0,1075.0,1.0,-0.0032664,0.228415,47.3559,274.455,159.0,1222.0,1353.0,1.0,0.181506,0.0,328.0,1.77916,0.285519,267.247,Portenga (2011),EPP07,"White Rocks, Cunningham Falls State Park, Maryland, United States",39.57,-77.45,468,441,Quartzite,Metamorphic,6.0,Outcrop near cliff edge,1104,10,0.252288,1387088,13.87,,,2.7,0.24,POINT (-77.45 39.57),0.0032664,-5.724066817958908,-5.207218996315085,-0.5168478216438235,224,0.782,8.781,226,241,51,5a,APPALACHIAN HIGHLANDS,BLUE RIDGE,NORTHERN,5,39.57
17,EPP08,22654.5,806316.0,4392790.0,1066.0,971.0,1.0,-0.00475697,0.2222905,46.8185,229.37,165.0,1339.0,1106.0,1.0,0.181823,0.0,280.0,2.19882,0.27786299999999997,218.24200000000002,Portenga (2011),EPP08,"Chimney Rock, Catoctin Mountain Park, Maryland, United States",39.63,-77.43,382,452,Quartzite,Metamorphic,2.0,Top of ridgeline outcrop,1081,10,0.252288,1023955,10.24,,,3.71,0.32,POINT (-77.43 39.63),0.00475697,-5.348144368047569,-5.054684546582736,-0.2934598214648325,224,0.782,8.781,226,241,51,5a,APPALACHIAN HIGHLANDS,BLUE RIDGE,NORTHERN,5,39.63
18,EPP09,22619.0,806438.0,4392760.0,1089.0,1094.0,1.0,-0.00482835,0.224043,47.8672,233.839,162.0,1332.0,1314.0,1.0,0.182222,0.0,288.0,2.2557,0.280054,222.175,Portenga (2011),EPP09,"Chimney Rock, Catoctin Mountain Park, Maryland, United States",39.63,-77.43,382,452,Quartzite,Metamorphic,2.0,Top of tor,1081,10,0.252288,1807331,18.07,,,1.86,0.18,POINT (-77.43 39.63),0.00482835,-5.333250484588152,-5.386103133251968,0.05285264866381567,224,0.782,8.781,226,241,51,5a,APPALACHIAN HIGHLANDS,BLUE RIDGE,NORTHERN,5,39.63
19,EPP10,14825.5,805682.0,4392950.0,864.0,1196.0,1.0,-0.004551515000000001,0.223848,55.5466,263.79049999999995,130.0,936.0,1138.0,1.0,0.1707365,0.0,315.0,2.3308,0.27981,248.006,Portenga (2011),EPP10,"Wolf Rocks, Catoctin Mountain Park, Maryland, United States",39.63,-77.44,439,442,Phyllite/Quartzite,Metamorphic,5.0,Top of ridgeline outcrop,1101,10,0.252288,949718,9.5,,,4.16,0.35,POINT (-77.44 39.63),0.004551515000000001,-5.392295134407531,-4.9997326117088985,-0.3925625226986327,224,0.782,8.781,226,241,51,5a,APPALACHIAN HIGHLANDS,BLUE RIDGE,NORTHERN,5,39.63
20,EPP11,14829.5,805681.0,4392950.0,864.0,1195.0,1.0,-0.00455199,0.2238435,55.679,263.9995,130.0,937.0,1138.0,1.0,0.1707075,0.0,315.0,2.33495,0.27980499999999997,248.2035,Portenga (2011),EPP11,"Wolf Rocks, Catoctin Mountain Park, Maryland, United States",39.63,-77.44,403,442,Phyllite/Quartzite,Metamorphic,3.0,Top of ridgeline outcrop,1060,10,0.252288,687367,6.87,,,5.97,0.48,POINT (-77.44 39.63),0.00455199,-5.392190778997076,-4.826341322205856,-0.56584945679122,224,0.782,8.781,226,241,51,5a,APPALACHIAN HIGHLANDS,BLUE RIDGE,NORTHERN,5,39.63
21,EPP12,20339.0,782632.0,4359760.0,941.0,1009.0,1.0,-0.00471581,0.272753,60.9832,226.372,136.0,842.0,631.0,1.0,0.212432,11.0,267.0,2.12411,0.340942,219.14,Portenga (2011),EPP12,"Maryland Heights, Harpers Ferry National Historical Park, Maryland, United States",39.34,-77.72,446,376,Quartzite,Metamorphic,3.0,Top of flat-lying outcrop,1024,11,0.232701,362136,3.62,,,12.65,0.94,POINT (-77.72 39.34),0.00471581,-5.356834585498594,-4.465904384076727,-0.8909302014218667,159,7.235,22.16,161,191,62,6b,APPALACHIAN HIGHLANDS,VALLEY AND RIDGE,MIDDLE,6,39.34
22,EPP13,19457.5,782559.0,4359780.0,921.5,936.0,2.0,-0.00443365,0.2685965,65.3032,255.539,134.0,815.0,570.0,1.0,0.21138400000000002,12.0,299.0,2.1953699999999996,0.335746,246.0895,Portenga (2011),EPP13,"Maryland Heights, Harpers Ferry National Historical Park, Maryland, United States",39.34,-77.72,433,376,Quartzite,Metamorphic,2.0,Top of flat-lying outcrop,1037,10,0.232701,994782,9.95,,,4.0,0.34,POINT (-77.72 39.34),0.00443365,-5.418532106402009,-5.018558554022474,-0.39997355237953514,159,7.235,22.16,161,191,62,6b,APPALACHIAN HIGHLANDS,VALLEY AND RIDGE,MIDDLE,6,39.34
23,EPP14,12263.0,798356.0,4398180.0,920.0,954.0,1.0,-0.003223,0.181345,40.4512,271.613,56.0,1038.0,451.0,1.0,0.105772,0.0,352.0,1.65021,0.226681,264.986,Portenga (2011),EPP14,"Raven Rock, South Mountain State Park, Maryland, United States",39.68,-77.52,539,415,Quartzite,Metamorphic,4.0,Top of flat-lying outcrop,1130,9,0.232701,3227709,32.28,,,1.0,0.11,POINT (-77.52 39.68),0.003223,-5.737442676148836,-5.683979847360021,-0.05346282878881503,224,0.782,8.781,226,241,51,5a,APPALACHIAN HIGHLANDS,BLUE RIDGE,NORTHERN,5,39.68
24,EPP15,13384.5,798340.0,4398210.0,886.0,937.0,1.0,-0.0033165499999999997,0.1867275,39.5941,254.265,64.0,1032.0,428.0,1.0,0.1178195,0.0,328.0,1.6234250000000001,0.233409,246.63150000000002,Portenga (2011),EPP15,"Raven Rock, South Mountain State Park, Maryland, United States",39.68,-77.52,539,415,Quartzite,Metamorphic,4.0,Outcrop near cliff edge,1130,9,0.232701,1724318,17.24,,,2.25,0.21,POINT (-77.52 39.68),0.0033165499999999997,-5.708830192977828,-5.294733343576183,-0.4140968494016448,224,0.782,8.781,226,241,51,5a,APPALACHIAN HIGHLANDS,BLUE RIDGE,NORTHERN,5,39.68
25,EPP16,15394.0,797641.0,4398030.0,1033.0,1096.0,1.0,-0.00390147,0.204213,74.0135,357.091,90.0,1195.0,839.0,1.0,0.164945,0.0,446.0,2.44304,0.255266,345.736,Portenga (2011),EPP16,"Raven Rock, South Mountain State Park, Maryland, United States",39.68,-77.53,539,415,Quartz vein,Metamorphic,4.0,Top of ridgeline outcrop,1130,9,0.232701,596762,5.97,,,7.77,0.62,POINT (-77.53 39.68),0.00390147,-5.546401873787271,-4.699850168457834,-0.8465517053294374,224,0.782,8.781,226,241,51,5a,APPALACHIAN HIGHLANDS,BLUE RIDGE,NORTHERN,5,39.68
26,EPP17,12973.0,733365.0,4312080.0,1372.0,1185.0,1.0,-0.00867214,0.38254,87.7389,225.704,159.0,1184.0,1373.0,1.0,0.278402,58.0,195.0,4.30667,0.478176,220.869,Portenga (2011),EPP17,"Buzzards Rock, George Washington National Forest, Virginia, United States",38.93,-78.31,246,549,Quartzite,Metamorphic,6.0,Top of ridgeline outcrop,999,10,0.2428,719083,7.19,,,4.79,0.39,POINT (-78.31 38.93),0.00867214,-4.747639690503719,-4.932045249877066,0.18440555937334757,159,7.235,22.16,161,191,62,6b,APPALACHIAN HIGHLANDS,VALLEY AND RIDGE,MIDDLE,6,38.93
27,EPP18,12954.0,733367.0,4312080.0,1371.0,1187.0,1.0,-0.00866459,0.382316,88.3955,227.202,125.0,1182.0,1373.0,1.0,0.278132,58.0,197.0,4.32445,0.477895,222.32,Portenga (2011),EPP18,"Buzzards Rock, George Washington National Forest, Virginia, United States",38.93,-78.31,456,550,Quartzite,Metamorphic,3.0,Top of ridgeline outcrop,974,11,0.2428,1890539,18.91,,,1.84,0.18,POINT (-78.31 38.93),0.00866459,-4.7485106737257325,-5.391292372981992,0.6427816992562594,159,7.235,22.16,161,191,62,6b,APPALACHIAN HIGHLANDS,VALLEY AND RIDGE,MIDDLE,6,38.93
28,EPP19,14029.0,734157.0,4313300.0,1291.0,1144.0,2.0,-0.00472552,0.180563,23.888,141.521,87.0,1196.0,1312.0,1.0,0.163762,0.0,159.0,1.29689,0.225704,136.503,Portenga (2011),EPP19,"Buzzards Rock, George Washington National Forest, Virginia, United States",38.94,-78.3,221,550,Quartzite,Metamorphic,6.0,Top of ridgeline outcrop,980,10,0.2428,537240,5.37,,,6.59,0.52,POINT (-78.3 38.94),0.00472552,-5.354777671181755,-4.778914240073101,-0.5758634311086537,159,7.235,22.16,161,191,62,6b,APPALACHIAN HIGHLANDS,VALLEY AND RIDGE,MIDDLE,6,38.94
29,EPP20,7992.0,733558.0,4314790.0,905.0,577.0,1.0,-0.00633595,0.330423,42.5767,194.819,58.0,1044.0,788.0,1.0,0.265651,32.0,184.0,2.46058,0.413029,182.414,Portenga (2011),EPP20,"Buzzards Rock, George Washington National Forest, Virginia, United States",38.95,-78.3,199,550,Sandstone,Sedimentary,2.0,"Small outcrop along path, very worn",956,11,0.2428,66938,0.67,,,66.1,4.81,POINT (-78.3 38.95),0.00633595,-5.061515515915291,-3.672218848868354,-1.389296667046937,159,7.235,22.16,161,191,62,6b,APPALACHIAN HIGHLANDS,VALLEY AND RIDGE,MIDDLE,6,38.95
30,EPP21,9412.0,718291.0,4291060.0,858.0,1138.0,1.0,-0.0103623,0.387899,72.9517,198.017,163.0,937.0,1058.0,1.0,0.286355,60.0,154.0,3.98333,0.484874,190.341,Portenga (2011),EPP21,"Kennedy Peak, George Washington National Forest, Virginia, United States",38.74,-78.49,435,468,Quartzite,Metamorphic,2.0,Outcrop on summit,1052,9,0.2428,843731,8.44,,,4.8,0.4,POINT (-78.49 38.74),0.0103623,-4.5695810590688595,-4.931044206761376,0.36146314769251653,159,7.235,22.16,161,191,62,6b,APPALACHIAN HIGHLANDS,VALLEY AND RIDGE,MIDDLE,6,38.74
31,EPP22,8227.5,718291.0,4291030.0,883.5,1138.0,2.0,-0.010669950000000001,0.40093100000000004,81.84880000000001,209.65,186.0,984.0,997.0,1.0,0.3016095,63.0,154.0,4.24282,0.5011635,204.751,Portenga (2011),EPP22,"Kennedy Peak, George Washington National Forest, Virginia, United States",38.74,-78.49,435,468,Quartzite,Metamorphic,3.0,Outcrop on summit,1052,9,0.2428,499925,5.0,,,8.66,0.66,POINT (-78.49 38.74),0.010669950000000001,-4.540323899715069,-4.647796780524336,0.10747288080926776,159,7.235,22.16,161,191,62,6b,APPALACHIAN HIGHLANDS,VALLEY AND RIDGE,MIDDLE,6,38.74
32,EPP23,10284.5,712754.0,4286160.0,1173.0,697.0,1.0,-0.0055147849999999995,0.3152545,82.37344999999999,254.5135,126.0,1110.0,558.0,1.0,0.2399655,24.0,247.0,2.66076,0.394068,246.575,Portenga (2011),EPP23,"Duncan Knob, George Washington National Forest, Virginia, United States",38.7,-78.55,648,586,Quartzite,Metamorphic,7.0,Top of ridgeline outcrop,1077,9,0.2428,922879,9.23,,,4.95,0.41,POINT (-78.55 38.7),0.0055147849999999995,-5.200322611624078,-4.916273810601334,-0.28404880102274443,159,7.235,22.16,161,191,62,6b,APPALACHIAN HIGHLANDS,VALLEY AND RIDGE,MIDDLE,6,38.7
33,EPP24,9670.5,712718.0,4286390.0,942.0,661.0,1.0,-0.0056703199999999995,0.313434,89.2007,277.731,138.0,1044.0,433.0,1.0,0.237313,24.0,260.0,3.0142249999999997,0.3917925,268.014,Portenga (2011),EPP24,"Duncan Knob, George Washington National Forest, Virginia, United States",38.7,-78.55,648,586,Quartzite,Metamorphic,6.0,Top of ridgeline outcrop,1077,9,0.2428,894780,8.95,,,5.17,0.43,POINT (-78.55 38.7),0.0056703199999999995,-5.172509725445235,-4.895400956870259,-0.27710876857497624,159,7.235,22.16,161,191,62,6b,APPALACHIAN HIGHLANDS,VALLEY AND RIDGE,MIDDLE,6,38.7
34,EPP26,9902.0,700867.0,4261500.0,1082.0,1244.0,1.0,-0.00674643,0.282691,49.2513,185.267,53.0,911.0,1247.0,1.0,0.202051,10.0,187.0,2.27752,0.353363,179.427,Portenga (2011),EPP26,"Cub Run, George Washington National Forest, Virginia, United States",38.48,-78.7,707,598,Sandstone,Sedimentary,3.0,Top of ridgeline outcrop,1098,9,0.226691,222770,2.23,,,25.52,1.83,POINT (-78.7 38.48),0.00674643,-4.99874180289765,-4.129037867291259,-0.8697039356063909,159,7.235,22.16,161,191,62,6b,APPALACHIAN HIGHLANDS,VALLEY AND RIDGE,MIDDLE,6,38.48
35,EPP27,9901.5,700867.0,4261500.0,1082.0,1244.0,1.0,-0.006750165000000001,0.28268800000000005,49.256299999999996,185.274,53.0,911.0,1247.0,1.0,0.202022,10.0,187.0,2.27753,0.35336,179.4275,Portenga (2011),EPP27,"Cub Run, George Washington National Forest, Virginia, United States",38.48,-78.7,763,598,Sandstone,Sedimentary,5.0,Top of ridgeline outcrop,1112,9,0.226691,636487,6.36,,,8.34,0.66,POINT (-78.7 38.48),0.006750165000000001,-4.998188329952015,-4.6658695035021065,-0.3323188264499084,159,7.235,22.16,161,191,62,6b,APPALACHIAN HIGHLANDS,VALLEY AND RIDGE,MIDDLE,6,38.48
36,EPP28,2404.0,625868.0,4276840.0,865.0,1526.0,1.0,-0.0110535,0.472473,116.018,250.82,115.0,867.0,1404.0,1.0,0.191923,133.0,158.0,7.6956,0.590591,244.303,Portenga (2011),EPP28,"Sawmill Run Rd., Monongahela National Forest, West Virginia, United States",38.63,-79.56,929,685,Sandstone,Sedimentary,2.0,Outcrop sticking up out of spur ridge,1096,9,0.212027,129322,1.29,,,53.03,3.77,POINT (-79.56 38.63),0.0110535,-4.50500815908911,-3.7779681076084826,-0.7270400514806274,159,7.235,22.16,161,191,62,6b,APPALACHIAN HIGHLANDS,VALLEY AND RIDGE,MIDDLE,6,38.63
37,EPP29,2788.5,625870.0,4276860.0,841.5,1528.0,2.0,-0.010121499999999999,0.4728785,117.604,258.7265,110.0,867.0,1408.0,1.0,0.18940849999999998,118.0,176.0,7.1907250000000005,0.5910985,252.30349999999999,Portenga (2011),EPP29,"Sawmill Run Rd., Monongahela National Forest, West Virginia, United States",38.63,-79.56,929,685,Sandstone,Sedimentary,2.0,Outcrop sticking up out of spur ridge,1096,9,0.212027,164689,1.65,,,41.18,2.97,POINT (-79.56 38.63),0.010121499999999999,-4.593093404762642,-3.8993625505921923,-0.6937308541704494,159,7.235,22.16,161,191,62,6b,APPALACHIAN HIGHLANDS,VALLEY AND RIDGE,MIDDLE,6,38.63
38,EPP30,2788.5,625870.0,4276860.0,841.5,1528.0,2.0,-0.010121499999999999,0.4728785,117.604,258.7265,110.0,867.0,1408.0,1.0,0.18940849999999998,118.0,176.0,7.1907250000000005,0.5910985,252.30349999999999,Portenga (2011),EPP30,"Sawmill Run Rd., Monongahela National Forest, West Virginia, United States",38.63,-79.56,929,685,Sandstone,Sedimentary,2.0,Outcrop sticking up out of spur ridge,1096,9,0.212027,109250,1.09,,,63.21,4.57,POINT (-79.56 38.63),0.010121499999999999,-4.593093404762642,-3.6936778394476018,-0.89941556531504,159,7.235,22.16,161,191,62,6b,APPALACHIAN HIGHLANDS,VALLEY AND RIDGE,MIDDLE,6,38.63
39,EPP31,6561.0,653517.0,4259570.0,859.0,980.0,2.0,-0.012499,0.468709,116.219,249.266,87.0,831.0,1107.0,1.0,0.274978,108.0,191.0,7.64652,0.585886,242.838,Portenga (2011),EPP31,"Reddish Knob, George Washington National Forest, Virginia & West Virginia, United States",38.47,-79.24,1127,657,Sandstone,Sedimentary,2.0,Top of ridgeline tor,1235,7,0.226691,236794,2.37,,,32.0,2.37,POINT (-79.24 38.47),0.012499,-4.3821066378740525,-4.020426614016152,-0.3616800238579003,159,7.235,22.16,161,191,62,6b,APPALACHIAN HIGHLANDS,VALLEY AND RIDGE,MIDDLE,6,38.47
40,EPP32,6588.0,653525.0,4259540.0,894.0,987.0,2.0,-0.0108141,0.471426,120.281,264.413,112.0,873.0,1128.0,1.0,0.27146,114.0,210.0,6.91771,0.589282,255.291,Portenga (2011),EPP32,"Reddish Knob, George Washington National Forest, Virginia & West Virginia, United States",38.47,-79.24,1127,657,Sandstone,Sedimentary,4.0,Top of ridgeline tor,1235,7,0.226691,189164,1.89,,,39.94,2.9,POINT (-79.24 38.47),0.0108141,-4.526904440793025,-3.91403824992594,-0.6128661908670852,159,7.235,22.16,161,191,62,6b,APPALACHIAN HIGHLANDS,VALLEY AND RIDGE,MIDDLE,6,38.47
41,EPP33,6031.5,657578.0,4259410.0,1112.0,678.0,2.0,-0.0104678,0.426111,69.35675,157.777,158.0,1091.0,697.0,1.0,0.17037,73.0,100.0,3.921735,0.532639,152.0395,Portenga (2011),EPP33,"Hone Quarry Ridge, George Washington National Forest, Virginia, United States",38.47,-79.19,846,682,Sandstone,Sedimentary,2.0,Spur ridge,1035,9,0.226691,263844,2.64,,,23.58,1.73,POINT (-79.19 38.47),0.0104678,-4.559451400343145,-4.166988377707594,-0.39246302263555144,159,7.235,22.16,161,191,62,6b,APPALACHIAN HIGHLANDS,VALLEY AND RIDGE,MIDDLE,6,38.47
42,EPP35,15000.0,701164.0,4311610.0,956.0,1062.0,1.0,-0.0071015,0.317214,63.3861,198.896,77.0,882.0,963.0,1.0,0.248267,24.0,179.0,2.86358,0.396518,191.234,Portenga (2011),EPP35,"Big Schloss Mountain, George Washington National Forest, Virginia & West Virginia, United",38.93,-78.68,653,643,Quartzite,Metamorphic,2.0,Top of ridgeline outcrop,1066,8,0.224334,700239,7.0,,,7.1,0.57,POINT (-78.68 38.93),0.0071015,-4.947449249643091,-4.743134351017332,-0.2043148986257588,159,7.235,22.16,161,191,62,6b,APPALACHIAN HIGHLANDS,VALLEY AND RIDGE,MIDDLE,6,38.93
43,EPP36,16137.5,701204.0,4311680.0,886.0,1102.0,1.0,-0.007500059999999999,0.300572,53.08775,179.0795,89.0,863.0,1022.0,1.0,0.2447495,25.0,162.0,2.7687749999999998,0.3757145,172.5815,Portenga (2011),EPP36,"Big Schloss Mountain, George Washington National Forest, Virginia & West Virginia, United",38.93,-78.68,813,643,Quartzite,Metamorphic,4.0,Top of ridgeline outcrop,1011,9,0.2428,619703,6.2,,,9.06,0.71,POINT (-78.68 38.93),0.007500059999999999,-4.892844258471872,-4.626122669733675,-0.2667215887381964,159,7.235,22.16,161,191,62,6b,APPALACHIAN HIGHLANDS,VALLEY AND RIDGE,MIDDLE,6,38.93
44,EPP37,12003.0,698619.0,4309320.0,966.0,1062.0,2.0,-0.00647113,0.317661,78.0454,237.02,106.0,982.0,897.0,1.0,0.233033,28.0,226.0,3.44862,0.397077,227.806,Portenga (2011),EPP37,"Devil's Hole Mountain, George Washington National Forest, Virginia & West Virginia, United",38.91,-78.71,734,616,Sandstone,Sedimentary,2.0,Small outcrop on summit flats,1011,9,0.224334,338201,3.38,,,16.83,1.26,POINT (-78.71 38.91),0.00647113,-5.040404533478142,-4.328861603422719,-0.7115429300554235,159,7.235,22.16,161,191,62,6b,APPALACHIAN HIGHLANDS,VALLEY AND RIDGE,MIDDLE,6,38.91
45,EPP38,12400.5,698631.0,4309300.0,979.0,1074.0,1.0,-0.005935215,0.32082900000000003,85.70415,244.312,98.0,971.0,925.0,1.0,0.237096,31.0,251.0,3.216775,0.4010365,235.865,Portenga (2011),EPP38,"Devil's Hole Mountain, George Washington National Forest, Virginia & West Virginia, United",38.91,-78.71,734,616,Sandstone,Sedimentary,4.0,Small outcrop on summit flats,1011,9,0.224334,393756,3.94,,,14.06,1.06,POINT (-78.71 38.91),0.005935215,-5.126852025797367,-4.415179581896412,-0.7116724439009552,159,7.235,22.16,161,191,62,6b,APPALACHIAN HIGHLANDS,VALLEY AND RIDGE,MIDDLE,6,38.91
46,EPP39,8658.5,681578.5,4307930.0,829.0,1338.5,1.0,-0.009158085,0.3829435,64.33535,160.5805,142.0,871.0,1219.0,1.0,0.2679475,64.0,129.0,3.5102599999999997,0.478679,153.9495,Portenga (2011),EPP39,"Crannys Crow, Lost River State Park, West Virginia, United States",38.9,-78.91,751,434,Sandstone,Sedimentary,3.0,Outcrop near cliff edge,1077,8,0.224334,965199,9.65,,,5.3,0.44,POINT (-78.91 38.9),0.009158085,-4.693118183287795,-4.883480573492145,0.19036239020435008,159,7.235,22.16,161,191,62,6b,APPALACHIAN HIGHLANDS,VALLEY AND RIDGE,MIDDLE,6,38.9
47,EPP40,10345.0,681591.0,4307930.0,823.0,1351.0,2.0,-0.0095972,0.37992,67.9459,171.908,130.0,872.0,1207.0,1.0,0.265061,61.0,141.0,3.8283,0.4749,165.499,Portenga (2011),EPP40,"Crannys Crow, Lost River State Park, West Virginia, United States",38.9,-78.91,751,434,Sandstone,Sedimentary,5.0,Outcrop near cliff edge,1077,8,0.224334,743899,7.44,,,7.0,0.56,POINT (-78.91 38.9),0.0095972,-4.646283889718008,-4.749942975813471,0.1036590860954627,159,7.235,22.16,161,191,62,6b,APPALACHIAN HIGHLANDS,VALLEY AND RIDGE,MIDDLE,6,38.9
48,EPP41,15009.5,683071.0,4309920.0,1097.0,1148.0,2.0,-0.00832354,0.3573145,72.42355,216.65449999999998,137.0,1096.0,1169.0,1.0,0.2499205,51.0,214.0,3.7181100000000002,0.446643,209.2475,Portenga (2011),EPP41,"Miller Rock, Lost River State Park, West Virginia, United States",38.92,-78.89,835,467,Sandstone,Sedimentary,8.0,Top of ridgeline outcrop,1116,8,0.224334,888805,8.89,,,5.97,0.49,POINT (-78.89 38.92),0.00832354,-4.788667633871064,-4.826341322205856,0.03767368833479168,159,7.235,22.16,161,191,62,6b,APPALACHIAN HIGHLANDS,VALLEY AND RIDGE,MIDDLE,6,38.92
49,EPP42,13798.0,683007.0,4309900.0,1112.0,1084.0,2.0,-0.0085714,0.362439,72.4237,219.266,141.0,1129.0,1080.0,1.0,0.245601,52.0,219.0,3.90487,0.453048,211.544,Portenga (2011),EPP42,"Miller Rock, Lost River State Park, West Virginia, United States",38.92,-78.89,835,467,Sandstone,Sedimentary,2.0,Top of ridgeline outcrop,1116,8,0.224334,776198,7.76,,,7.29,0.6,POINT (-78.89 38.92),0.0085714,-4.759324199154238,-4.730458145270149,-0.028866053884089027,159,7.235,22.16,161,191,62,6b,APPALACHIAN HIGHLANDS,VALLEY AND RIDGE,MIDDLE,6,38.92
50,EPP43,4511.0,641884.0,4300890.0,399.0,1418.0,1.0,-0.00561814,0.335396,56.9447,154.841,10.0,477.0,1251.0,1.0,0.2104,66.0,115.0,2.10068,0.419245,151.562,Portenga (2011),EPP43,"Seneca Rocks, Monongahela National Forest, West Virginia, United States",38.84,-79.37,564,667,Sandstone,Sedimentary,3.0,"Upper side of ridgeline outcrop, ~1 meter below top of outcrop",1011,10,0.212027,93624,0.94,,,58.43,4.0,POINT (-79.37 38.84),0.00561814,-5.18175463071026,-3.7314217082081753,-1.4503329225020845,159,7.235,22.16,161,191,62,6b,APPALACHIAN HIGHLANDS,VALLEY AND RIDGE,MIDDLE,6,38.84
51,EPP44,4471.0,641895.0,4300900.0,384.0,1429.0,1.0,-0.00667677,0.3395,58.7858,158.392,5.0,555.0,1224.0,1.0,0.214734,73.0,109.0,2.50686,0.424375,154.439,Portenga (2011),EPP44,"Seneca Rocks, Monongahela National Forest, West Virginia, United States",38.84,-79.37,564,667,Sandstone,Sedimentary,4.0,"Upper side of ridgeline outcrop, ~1 meter below top of outcrop",1011,10,0.212027,183484,1.83,,,28.43,2.0,POINT (-79.37 38.84),0.00667677,-5.0091209413074615,-4.077206283041826,-0.9319146582656357,159,7.235,22.16,161,191,62,6b,APPALACHIAN HIGHLANDS,VALLEY AND RIDGE,MIDDLE,6,38.84
52,EPP45,3518.0,650862.0,4314540.0,1352.0,1123.0,2.0,-0.0313359,0.552667,133.465,211.526,45.0,1233.0,1112.0,1.0,0.291371,167.0,69.0,14.9496,0.690834,208.818,Portenga (2011),EPP45,"Chimney Rocks, Monongahela National Forest, West Virginia, United States",38.97,-79.26,816,824,Sandstone,Sedimentary,3.0,Top of tor,1155,8,0.224334,253346,2.53,,,24.16,1.75,POINT (-79.26 38.97),0.0313359,-3.462990873841467,-4.155324628288047,0.6923337544465795,159,7.235,22.16,161,191,62,6b,APPALACHIAN HIGHLANDS,VALLEY AND RIDGE,MIDDLE,6,38.97
53,EPP46,3560.0,650867.0,4314520.0,1368.0,1128.0,2.0,-0.0295871,0.548695,132.989,211.873,45.0,1234.0,1140.0,1.0,0.292215,166.0,70.0,14.6275,0.685869,209.345,Portenga (2011),EPP46,"Chimney Rocks, Monongahela National Forest, West Virginia, United States",38.97,-79.26,816,824,Sandstone,Sedimentary,4.0,Top of tor,1155,8,0.224334,377968,3.78,,,15.6,1.18,POINT (-79.26 38.97),0.0295871,-3.5204168234560647,-4.365289808517385,0.8448729850613206,159,7.235,22.16,161,191,62,6b,APPALACHIAN HIGHLANDS,VALLEY AND RIDGE,MIDDLE,6,38.97
54,EPP47,5696.5,650812.0,4313800.0,984.0,1053.0,1.0,-0.017552699999999997,0.45218349999999996,110.6135,204.5405,147.0,1044.0,1374.0,1.0,0.25830699999999995,125.0,126.0,12.4698,0.565229,200.761,Portenga (2011),EPP47,"Chimney Rocks, Monongahela National Forest, West Virginia, United States",38.96,-79.26,719,665,Sandstone,Sedimentary,1.0,Top of ridgeline outcrop near large cliff,1134,8,0.224334,509193,5.09,,,10.73,0.84,POINT (-79.26 38.96),0.017552699999999997,-4.042547494749522,-4.54491894017157,0.5023714454220478,159,7.235,22.16,161,191,62,6b,APPALACHIAN HIGHLANDS,VALLEY AND RIDGE,MIDDLE,6,38.96
55,EPP48,6124.5,650795.5,4313810.0,970.0,1036.5,2.0,-0.02041205,0.459634,112.7775,204.0595,93.0,998.0,1355.0,1.0,0.254533,128.0,123.0,14.48015,0.5745425,200.21699999999998,Portenga (2011),EPP48,"Chimney Rocks, Monongahela National Forest, West Virginia, United States",38.96,-79.26,719,665,Sandstone,Sedimentary,1.0,Top of ridgeline outcrop near large cliff,1134,8,0.224334,887092,8.87,,,5.78,0.47,POINT (-79.26 38.96),0.02041205,-3.8916298662439255,-4.841866079671564,0.9502362134276385,159,7.235,22.16,161,191,62,6b,APPALACHIAN HIGHLANDS,VALLEY AND RIDGE,MIDDLE,6,38.96
56,EPS01,3427.5,785443.5,4460340.0,545.0,679.5,1.0,-0.006541035,0.28986,98.8081,316.3905,31.0,817.0,368.0,1.0,0.16987049999999998,26.0,358.0,3.6067400000000003,0.36232450000000005,305.793,Portenga (2011),EPS01,"Rim Trail, Tuscarora State Forest, Pennsylvania, United States",40.24,-77.64,552,435,Sandstone,Sedimentary,6.0,Spur ridge,1099,8,0.253313,230861,2.31,,,22.19,1.59,POINT (-77.64 40.24),0.006541035,-5.029659869153595,-4.19615181362666,-0.8335080555269352,159,7.235,22.16,161,191,62,6b,APPALACHIAN HIGHLANDS,VALLEY AND RIDGE,MIDDLE,6,40.24
57,EPS02,2387.5,785301.0,4460360.0,519.0,538.0,1.0,-0.004697234999999999,0.280359,51.4782,202.373,51.0,817.0,350.0,1.0,0.208659,12.0,225.0,2.0035600000000002,0.350449,198.0245,Portenga (2011),EPS02,"Rim Trail, Tuscarora State Forest, Pennsylvania, United States",40.24,-77.64,552,435,Sandstone,Sedimentary,4.0,Spur ridge,1099,8,0.253313,410871,4.11,,,11.99,0.9,POINT (-77.64 40.24),0.004697234999999999,-5.360781241253557,-4.491624822221098,-0.8691564190324588,159,7.235,22.16,161,191,62,6b,APPALACHIAN HIGHLANDS,VALLEY AND RIDGE,MIDDLE,6,40.24
58,EPS03,9493.5,783991.0,4461760.0,1280.0,1012.0,1.0,-0.00686387,0.269042,41.66825,171.748,86.0,1167.0,1054.0,1.0,0.191012,12.0,199.0,2.1751899999999997,0.336302,167.8565,Portenga (2011),EPS03,"Round Top Trail, Tuscarora State Forest, Pennsylvania, United States",40.26,-77.66,486,485,Sandstone,Sedimentary,3.0,Outcrop on summit flats,1047,9,0.253313,532807,5.33,,,8.6,0.67,POINT (-77.66 40.26),0.00686387,-4.981483856369768,-4.65113398979548,-0.3303498665742879,159,7.235,22.16,161,191,62,6b,APPALACHIAN HIGHLANDS,VALLEY AND RIDGE,MIDDLE,6,40.26
59,EPS04,10159.5,784015.0,4461700.0,1339.0,1037.0,1.0,-0.00627663,0.27102499999999996,45.10795,164.844,100.0,1196.0,1069.0,1.0,0.20618750000000002,14.0,183.0,2.068005,0.338781,161.53449999999998,Portenga (2011),EPS04,"Round Top Trail, Tuscarora State Forest, Pennsylvania, United States",40.26,-77.66,565,485,Sandstone,Sedimentary,1.0,Outcrop on summit flats,1082,8,0.253313,473664,4.74,,,10.58,0.81,POINT (-77.66 40.26),0.00627663,-5.07092206674015,-4.551676442673548,-0.5192456240666017,159,7.235,22.16,161,191,62,6b,APPALACHIAN HIGHLANDS,VALLEY AND RIDGE,MIDDLE,6,40.26
60,EPS05,5330.0,781776.0,4482020.0,933.0,1250.0,1.0,-0.00558869,0.178911,32.7455,183.327,63.0,684.0,1399.0,1.0,0.152816,0.0,244.0,1.59975,0.223639,177.163,Portenga (2011),EPS05,"Pine Ridge Trail, Tuscarora State Forest, Pennsylvania, United States",40.44,-77.68,518,449,Conglomerate,Sedimentary,1.0,Outcrop nested between small hills with no real obscuring relief,1055,8,0.252165,654878,6.55,,,7.12,0.57,POINT (-77.68 40.44),0.00558869,-5.18701036632699,-4.7417841391565565,-0.4452262271704335,159,7.235,22.16,161,191,62,6b,APPALACHIAN HIGHLANDS,VALLEY AND RIDGE,MIDDLE,6,40.44
61,EPS06,4583.0,781572.0,4481870.0,1086.0,1045.0,1.0,-0.0055326,0.182017,43.1702,221.352,97.0,968.0,1115.0,1.0,0.192678,0.0,279.0,2.24389,0.227522,213.024,Portenga (2011),EPS06,"Pine Ridge Trail, Tuscarora State Forest, Pennsylvania, United States",40.44,-77.68,518,449,Conglomerate,Sedimentary,1.0,Outcrop nested between small hills with no real obscuring relief,1055,8,0.252165,692283,6.92,,,6.68,0.56,POINT (-77.68 40.44),0.0055326,-5.197097411191123,-4.772403213336715,-0.4246941978544081,159,7.235,22.16,161,191,62,6b,APPALACHIAN HIGHLANDS,VALLEY AND RIDGE,MIDDLE,6,40.44
62,EPS07,18945.0,774623.0,4492610.0,1202.0,1291.0,1.0,-0.00460632,0.206562,41.6403,199.59,177.0,1476.0,1420.0,1.0,0.198576,0.0,258.0,1.80672,0.258203,194.32,Portenga (2011),EPS07,"Prayer Rock, Pennsylvania, United States",40.54,-77.76,462,430,Sandstone,Sedimentary,3.0,Top of ridgeline,1041,8,0.252165,427397,4.27,,,10.83,0.83,POINT (-77.76 40.54),0.00460632,-5.380326005398541,-4.5404662180738296,-0.8398597873247118,159,7.235,22.16,161,191,62,6b,APPALACHIAN HIGHLANDS,VALLEY AND RIDGE,MIDDLE,6,40.54
63,EPS08,18128.0,774558.0,4492640.0,1163.0,1226.0,1.0,-0.00487401,0.210176,37.5354,180.422,187.0,1225.0,1355.0,1.0,0.200337,0.0,228.0,1.6178,0.26272,176.309,Portenga (2011),EPS08,"Prayer Rock, Pennsylvania, United States",40.54,-77.76,462,430,Sandstone,Sedimentary,2.0,Top of ridgeline,1041,8,0.252165,570167,5.7,,,7.9,0.64,POINT (-77.76 40.54),0.00487401,-5.323838272078314,-4.691885722812993,-0.6319525492653213,159,7.235,22.16,161,191,62,6b,APPALACHIAN HIGHLANDS,VALLEY AND RIDGE,MIDDLE,6,40.54
64,EPS09,9413.0,773019.0,4517270.0,963.0,588.0,1.0,-0.00583047,0.224739,27.5361,124.691,165.0,854.0,633.0,1.0,0.187268,0.0,131.0,1.60084,0.280924,120.419,Portenga (2011),EPS09,"Spring Creek, Rothrock State Forest, Pennsylvania, United States",40.76,-77.76,390,424,Sandstone,Sedimentary,7.0,Spur ridge,1024,8,0.252165,199788,2.0,,,23.1,1.62,POINT (-77.76 40.76),0.00583047,-5.144657664373439,-4.1768601909467025,-0.9677974734267369,159,7.235,22.16,161,191,62,6b,APPALACHIAN HIGHLANDS,VALLEY AND RIDGE,MIDDLE,6,40.76
65,EPS10,11700.5,773319.0,4517230.0,1002.0,888.0,1.0,-0.00546374,0.241986,33.74825,145.9905,64.0,841.0,904.0,1.0,0.19591399999999998,7.0,161.0,1.74322,0.3024825,140.9085,Portenga (2011),EPS10,"Spring Creek, Rothrock State Forest, Pennsylvania, United States",40.76,-77.76,390,424,Sandstone,Sedimentary,2.0,Spur ridge,1024,8,0.252165,323549,3.24,,,14.09,1.03,POINT (-77.76 40.76),0.00546374,-5.20962174203322,-4.414156490922939,-0.7954652511102811,159,7.235,22.16,161,191,62,6b,APPALACHIAN HIGHLANDS,VALLEY AND RIDGE,MIDDLE,6,40.76
66,EPS11,8824.0,742220.0,4534110.0,762.0,701.0,2.0,-0.00253835,0.0829551,15.6851,194.612,84.0,839.0,817.0,1.0,0.0538788,0.0,234.0,0.946118,0.103694,190.147,Portenga (2011),EPS11,"Turtle Rocks, Moshannon State Forest, Pennsylvania, United States",40.92,-78.12,562,251,Quartz conglomerate,Sedimentary,2.0,Outcrop in flat woody area,1023,7,0.193638,2177021,21.77,,,1.79,0.17,POINT (-78.12 40.92),0.00253835,-5.976241015336496,-5.404516349830743,-0.5717246655057533,160,2.999,11.795,162,204,84,8d,APPALACHIAN HIGHLANDS,APPALACHIAN PLATEAUS,ALLEGHENY MOUNTAIN,8,40.92
67,EPS12,9898.5,742230.0,4534160.0,712.0,710.0,1.0,-0.00261602,0.08847995,14.02375,172.571,69.0,835.0,817.0,1.0,0.05817235,0.0,209.0,0.9455965,0.1105995,167.43099999999998,Portenga (2011),EPS12,"Turtle Rocks, Moshannon State Forest, Pennsylvania, United States",40.92,-78.12,562,251,Quartz conglomerate,Sedimentary,4.0,Outcrop in flat woody area,1023,7,0.193638,981990,9.82,,,4.57,0.38,POINT (-78.12 40.92),0.00261602,-5.946101200156471,-4.954613509005087,-0.9914876911513835,160,2.999,11.795,162,204,84,8d,APPALACHIAN HIGHLANDS,APPALACHIAN PLATEAUS,ALLEGHENY MOUNTAIN,8,40.92
68,EPS13,17657.0,710303.0,4557410.0,924.0,647.0,2.0,-0.00177551,0.0466352,8.3645,176.112,186.0,1044.0,685.0,1.0,0.0367484,0.0,225.0,0.656132,0.058294,168.105,Portenga (2011),EPS13,"Panther Rocks, Moshannon State Forest, Pennsylvania, United States",41.14,-78.49,650,186,Quartz conglomerate,Sedimentary,2.0,Outcrop in flat woody area,1118,6,0.193638,2111813,21.12,,,2.03,0.19,POINT (-78.49 41.14),0.00177551,-6.3336675733807155,-5.344122666694247,-0.9895449066864686,154,14.048,21.081,156,199,85,8e,APPALACHIAN HIGHLANDS,APPALACHIAN PLATEAUS,KANAWHA,8,41.14
69,EPS14,17634.5,710472.0,4557390.0,943.0,816.0,2.0,-0.00182895,0.045542,7.736115,171.1175,185.0,1041.0,837.0,1.0,0.03608135,0.0,216.0,0.659343,0.0569275,163.6525,Portenga (2011),EPS14,"Panther Rocks, Moshannon State Forest, Pennsylvania, United States",41.14,-78.49,650,186,Quartz conglomerate,Sedimentary,2.0,Outcrop in flat woody area,1118,6,0.193638,2346996,23.47,,,1.78,0.17,POINT (-78.49 41.14),0.00182895,-6.30401324728989,-5.407205432494104,-0.8968078147957863,154,14.048,21.081,156,199,85,8e,APPALACHIAN HIGHLANDS,APPALACHIAN PLATEAUS,KANAWHA,8,41.14
70,EPS15,17194.5,710298.5,4557420.0,919.0,642.5,2.0,-0.001791515,0.0465652,8.41196,178.1405,202.0,1042.0,684.0,1.0,0.036482,0.0,228.0,0.665298,0.058206549999999996,169.8785,Portenga (2011),EPS15,"Panther Rocks, Moshannon State Forest, Pennsylvania, United States",41.14,-78.49,650,186,Quartz conglomerate,Sedimentary,1.0,Outcrop in flat woody area,1118,6,0.193638,2207321,22.07,,,1.94,0.19,POINT (-78.49 41.14),0.001791515,-6.324693648382422,-5.365889620283908,-0.9588040280985144,154,14.048,21.081,156,199,85,8e,APPALACHIAN HIGHLANDS,APPALACHIAN PLATEAUS,KANAWHA,8,41.14
71,EPS16,14144.5,834751.0,4475850.0,1497.0,1279.0,1.0,-0.005338145000000001,0.249451,54.81575,225.76749999999998,194.0,1732.0,1394.0,1.0,0.216106,0.0,293.0,2.30642,0.311814,220.96249999999998,Portenga (2011),EPS16,"Hawk Rock, Duncannon, Pennsylvania, United States",40.37,-77.06,233,291,Sandstone,Sedimentary,2.0,Top of ridgeline,1066,10,0.249575,284989,2.85,,,14.32,1.04,POINT (-77.06 40.37),0.005338145000000001,-5.232877064636997,-4.406384409824422,-0.8264926548125757,159,7.235,22.16,161,191,62,6b,APPALACHIAN HIGHLANDS,VALLEY AND RIDGE,MIDDLE,6,40.37
72,EPS17,30055.5,835380.0,4476180.0,1208.0,1056.0,1.0,-0.00495589,0.2473765,44.293049999999994,199.0725,271.0,1495.0,1208.0,1.0,0.2030035,0.0,251.5,1.98785,0.30922099999999997,194.107,Portenga (2011),EPS17,"Hawk Rock, Duncannon, Pennsylvania, United States",40.37,-77.05,215,291,Sandstone,Sedimentary,7.0,Top of ridgeline,1060,10,0.249575,148005,1.48,,,28.13,1.92,POINT (-77.05 40.37),0.00495589,-5.307178510780366,-4.082298268559174,-1.2248802422211922,159,7.235,22.16,161,191,62,6b,APPALACHIAN HIGHLANDS,VALLEY AND RIDGE,MIDDLE,6,40.37
73,EPS18,9211.0,836464.0,4477040.0,1494.0,1344.0,1.0,-0.00516298,0.26841,48.3793,192.765,185.0,1702.0,1445.0,1.0,0.226325,0.0,224.0,1.91192,0.335512,187.706,Portenga (2011),EPS18,"Hawk Rock, Duncannon, Pennsylvania, United States",40.38,-77.04,228,291,Sandstone,Sedimentary,3.0,Along ridgeline adjacent to large cliff,1048,10,0.249575,277083,2.77,,,14.62,1.06,POINT (-77.04 40.38),0.00516298,-5.266241346808959,-4.396432429285638,-0.8698089175233212,159,7.235,22.16,161,191,62,6b,APPALACHIAN HIGHLANDS,VALLEY AND RIDGE,MIDDLE,6,40.38
74,EPS19,20948.5,811283.0,4438640.0,1012.0,931.0,2.0,-0.003185435,0.134171,22.5413,200.074,189.0,1286.0,953.0,1.0,0.0987212,0.0,245.0,1.216815,0.16771350000000002,186.55599999999998,Portenga (2011),EPS19,"Michaux Oaks Rd., Michaux State Forest, Pennsylvania, United States",40.04,-77.35,429,402,Quartzite,Metamorphic,2.0,Outcrop nested between small hills with no real obscuring relief,1098,9,0.24935,807132,8.07,,,5.14,0.42,POINT (-77.35 40.04),0.003185435,-5.7491664215758895,-4.898194369215826,-0.8509720523600635,224,0.782,8.781,226,241,51,5a,APPALACHIAN HIGHLANDS,BLUE RIDGE,NORTHERN,5,40.04
75,EPS20,20886.5,811282.0,4438630.0,1015.0,930.0,2.0,-0.00318263,0.13377650000000002,22.577849999999998,200.82299999999998,191.0,1287.0,953.0,1.0,0.09844285,0.0,246.0,1.213585,0.1672205,187.274,Portenga (2011),EPS20,"Michaux Oaks Rd., Michaux State Forest, Pennsylvania, United States",40.04,-77.35,429,402,Quartzite,Metamorphic,4.0,Outcrop nested between small hills with no real obscuring relief,1098,9,0.24935,899523,9.0,,,4.46,0.38,POINT (-77.35 40.04),0.00318263,-5.750047379977354,-4.966308439664674,-0.7837389403126798,224,0.782,8.781,226,241,51,5a,APPALACHIAN HIGHLANDS,BLUE RIDGE,NORTHERN,5,40.04
76,EPS21,20222.5,818383.0,4437610.0,1208.0,1157.0,1.0,-0.0033993599999999997,0.193922,40.2525,212.34199999999998,107.0,1031.0,1122.0,1.0,0.1581475,0.0,256.0,1.507725,0.242403,206.5935,Portenga (2011),EPS21,"Pole Steeple, Michaux State Forest, Pennsylvania, United States",40.03,-77.27,238,263,Quartzite,Metamorphic,4.0,Top of ridgeline,1083,10,0.24935,296452,2.96,,,13.52,0.98,POINT (-77.27 40.03),0.0033993599999999997,-5.684168100372625,-4.433978213464909,-1.2501898869077168,224,0.782,8.781,226,241,51,5a,APPALACHIAN HIGHLANDS,BLUE RIDGE,NORTHERN,5,40.03
77,EPS22,20238.5,818384.0,4437620.0,1207.0,1158.0,1.0,-0.00339684,0.19388850000000002,40.203900000000004,212.206,107.0,1031.0,1122.0,1.0,0.158052,0.0,255.0,1.5051999999999999,0.24236049999999998,206.4115,Portenga (2011),EPS22,"Pole Steeple, Michaux State Forest, Pennsylvania, United States",40.03,-77.27,238,263,Quartzite,Metamorphic,5.0,Top of ridgeline,1083,10,0.24935,1362536,13.63,,,2.25,0.21,POINT (-77.27 40.03),0.00339684,-5.684909691295639,-5.294733343576183,-0.3901763477194553,224,0.782,8.781,226,241,51,5a,APPALACHIAN HIGHLANDS,BLUE RIDGE,NORTHERN,5,40.03
78,EPS23,20708.0,818347.0,4437610.0,1216.0,1121.0,1.0,-0.00343831,0.201116,38.1221,194.549,104.0,1040.0,1096.0,1.0,0.15708,0.0,238.0,1.38491,0.251395,187.567,Portenga (2011),EPS23,"Pole Steeple, Michaux State Forest, Pennsylvania, United States",40.03,-77.27,238,263,Quartzite,Metamorphic,5.0,Top of ridgeline,1083,10,0.24935,264200,2.64,,,15.27,1.1,POINT (-77.27 40.03),0.00343831,-5.672775207383698,-4.375552590129361,-1.297222617254337,224,0.782,8.781,226,241,51,5a,APPALACHIAN HIGHLANDS,BLUE RIDGE,NORTHERN,5,40.03
79,EPS24,13054.5,894201.0,4397830.0,1117.0,1338.0,1.0,-0.004299155,0.1776635,26.72915,157.0365,165.0,967.0,1285.0,1.0,0.1323995,0.0,194.0,1.473345,0.22207949999999999,147.76600000000002,Portenga (2011),EPS24,"Rock Ridge, Rocks State Park, Maryland, United States",39.64,-76.41,114,138,Schist,Metamorphic,4.0,Top of ridgeline,1112,11,0.298508,950218,9.5,,,3.12,0.27,POINT (-76.41 39.64),0.004299155,-5.449336787221467,-5.137820006485754,-0.31151678073571354,221,18.904,35.425,223,237,41,4a,APPALACHIAN HIGHLANDS,PIEDMONT,PIEDMONT UPLAND,4,39.64
80,EPS25,13054.5,894201.0,4397830.0,1117.0,1338.0,1.0,-0.004299155,0.1776635,26.72915,157.0365,165.0,967.0,1285.0,1.0,0.1323995,0.0,194.0,1.473345,0.22207949999999999,147.76600000000002,Portenga (2011),EPS25,"Rock Ridge, Rocks State Park, Maryland, United States",39.64,-76.41,114,138,Schist,Metamorphic,2.0,Top of ridgeline,1112,11,0.298508,871716,8.72,,,3.52,0.3,POINT (-76.41 39.64),0.004299155,-5.449336787221467,-5.079918572347219,-0.36941821487424864,221,18.904,35.425,223,237,41,4a,APPALACHIAN HIGHLANDS,PIEDMONT,PIEDMONT UPLAND,4,39.64
81,EPS26,11468.5,894179.0,4397850.0,1096.0,1315.0,1.0,-0.0045251449999999995,0.175478,23.78105,140.92849999999999,171.0,963.0,1313.0,1.0,0.131301,0.0,171.0,1.447195,0.219348,132.0015,Portenga (2011),EPS26,"Rock Ridge, Rocks State Park, Maryland, United States",39.64,-76.41,114,138,Schist and quartz vein,Metamorphic,5.0,Top of ridgeline,1112,11,0.298508,297170,2.97,,,12.09,0.88,POINT (-76.41 39.64),0.0045251449999999995,-5.398105658144757,-4.487638088339205,-0.9104675698055518,221,18.904,35.425,223,237,41,4a,APPALACHIAN HIGHLANDS,PIEDMONT,PIEDMONT UPLAND,4,39.64
82,GSC-3,11595.5,296997.0,3943060.0,946.0,889.0,2.0,-0.0417579,0.5123154999999999,58.50815,115.3215,245.0,989.0,946.0,1.0,0.27703599999999995,116.0,23.0,10.07015,0.640394,111.902,Matmon et al. (2003)h,GSC-3,"Straight Fork Basin, United States",35.61,-83.24,1250,730,Gneiss,Metamorphic,3.0,,1700,9,0.666844,470000,4.7,15.8,3.4,17.56,1.43,POINT (-83.24 35.61),0.0417579,-3.175866624028527,-4.308480525020675,1.132613900992148,297,3.91,12.376,299,304,52,5b,APPALACHIAN HIGHLANDS,BLUE RIDGE,SOUTHERN,5,35.61
83,GSDV-1,9425.5,280803.0,3943510.0,880.0,1002.0,2.0,-0.0500102,0.542322,88.3523,153.499,163.0,1006.0,1022.0,1.0,0.282292,138.0,41.0,15.2152,0.6779025000000001,149.6235,Matmon et al. (2003)h,GSDV-1,"Oconaluftee, Little Pigeon Basins, United States",35.61,-83.42,1620,788,Sandstone,Sedimentary,3.0,,1844,8,0.666844,431000,4.31,22.6,2.9,24.57,1.9,POINT (-83.42 35.61),0.0500102,-2.9955282943591617,-4.147247277824139,1.1517189834649773,297,3.91,12.376,299,304,52,5b,APPALACHIAN HIGHLANDS,BLUE RIDGE,SOUTHERN,5,35.61
84,GSDV-10,8834.5,307582.0,3952920.0,846.5,1293.0,1.0,-0.00999851,0.4382065,139.223,298.274,101.0,874.0,1030.0,1.0,0.248987,125.0,229.0,7.559725,0.5477575,291.8625,Matmon et al. (2003)h,GSDV-10,"Mt. Sterling Big Creek, Cataloochee Creek Basins, United States",35.7,-83.13,1750,1019,Sandstone,Sedimentary,3.0,,1814,7,0.646766,302000,3.02,34.2,4.4,38.75,3.16,POINT (-83.13 35.7),0.00999851,-4.605319197089694,-3.9285570845763305,-0.6767621125133632,297,3.91,12.376,299,304,52,5b,APPALACHIAN HIGHLANDS,BLUE RIDGE,SOUTHERN,5,35.7
85,GSDV-11,17259.5,302687.0,3945190.0,910.0,1095.0,2.0,-0.03319,0.4782815,45.53135,100.012,167.0,865.0,1075.0,1.0,0.265157,88.0,27.0,7.492585,0.597852,96.52905,Matmon et al. (2003)h,GSDV-11,"Ledge Creek, Cataloochee Creek Basins, United States",35.63,-83.18,1410,914,Quartz Pegmatite,Igneous,3.0,,1702,9,0.666844,410000,4.1,23.0,2.9,22.58,1.83,POINT (-83.18 35.63),0.03319,-3.405506653250254,-4.187788859173693,0.7822822059234396,297,3.91,12.376,299,304,52,5b,APPALACHIAN HIGHLANDS,BLUE RIDGE,SOUTHERN,5,35.63
86,GSDV-2,5935.5,302142.0,3956050.0,1165.0,1207.0,2.0,-0.05053874999999999,0.575466,116.973,187.80200000000002,200.0,1209.5,1124.0,1.0,0.256014,172.0,67.0,24.3853,0.7193324999999999,183.204,Matmon et al. (2003)h,GSDV-2,"Big Creek, Cosby Creek Basins, United States",35.73,-83.19,1570,905,Sandstone,Sedimentary,3.0,,1733,8,0.666844,221000,2.21,40.8,5.3,47.83,3.9,POINT (-83.19 35.73),0.05053874999999999,-2.9850149102127954,-3.8275063796677626,0.8424914694549672,297,3.91,12.376,299,304,52,5b,APPALACHIAN HIGHLANDS,BLUE RIDGE,SOUTHERN,5,35.73
87,GSDV-3,5550.0,297329.0,3955480.0,727.0,943.0,2.0,-0.0357619,0.517114,139.888,254.117,119.0,663.0,1164.0,1.0,0.266961,169.0,131.0,20.1253,0.646392,250.984,Matmon et al. (2003)h,GSDV-3,"Big Creek, Cosby Creek Basins, United States",35.72,-83.24,1750,1095,Sandstone,Sedimentary,3.0,,1833,7,0.666844,216000,2.16,48.0,6.1,54.8,4.41,POINT (-83.24 35.72),0.0357619,-3.3308721980972265,-3.762208554262116,0.4313363561648895,297,3.91,12.376,299,304,52,5b,APPALACHIAN HIGHLANDS,BLUE RIDGE,SOUTHERN,5,35.72
88,GSDV-4,4480.5,294487.0,3951810.0,1133.0,892.0,2.0,-0.059655650000000005,0.5768865,133.3185,219.69099999999997,108.0,930.5,927.0,1.0,0.291275,185.0,76.0,29.98965,0.721108,215.374,Matmon et al. (2003)h,GSDV-4,"Big Creek, Raven Fork, Little Pigeon Basins, United States",35.69,-83.27,1900,898,Sandstone,Sedimentary,3.0,,1930,7,0.666844,371000,3.71,32.0,4.3,34.41,3.11,POINT (-83.27 35.69),0.059655650000000005,-2.8191664157284855,-3.9855731818515148,1.1664067661230293,297,3.91,12.376,299,304,52,5b,APPALACHIAN HIGHLANDS,BLUE RIDGE,SOUTHERN,5,35.69
89,GSDV-6,9369.0,292478.0,3948450.0,1203.0,770.0,2.0,-0.0219976,0.449746,83.6604,169.864,212.0,1224.0,872.0,1.0,0.2726,114.0,85.0,9.15477,0.562182,164.434,Matmon et al. (2003)h,GSDV-6,"Raven Fork, Little Pigeon Basins, United States",35.66,-83.29,1800,834,Quartz Pegmatite,Igneous,3.0,,1838,8,0.666844,2170000,21.7,4.9,0.7,4.92,0.45,POINT (-83.29 35.66),0.0219976,-3.816821922483758,-4.919191752717998,1.10236983023424,297,3.91,12.376,299,304,52,5b,APPALACHIAN HIGHLANDS,BLUE RIDGE,SOUTHERN,5,35.66
90,GSDV-7,8286.0,284237.0,3945620.0,898.0,758.0,2.0,-0.0437294,0.554881,89.8822,155.613,205.0,874.0,818.0,1.0,0.288541,116.0,61.0,15.0089,0.693602,151.914,Matmon et al. (2003)h,GSDV-7,"Oconaluftee, Little Pigeon Basins, United States",35.63,-83.38,1700,957,Sandstone,Sedimentary,3.0,,1879,7,0.666844,297000,2.97,32.4,4.1,38.14,3.01,POINT (-83.38 35.63),0.0437294,-3.129734634209405,-3.93617331927733,0.806438685067925,297,3.91,12.376,299,304,52,5b,APPALACHIAN HIGHLANDS,BLUE RIDGE,SOUTHERN,5,35.63
91,GSDV-8,6877.0,273587.0,3938220.0,801.0,1174.0,2.0,-0.0119865,0.493423,168.968,335.676,178.0,1012.0,910.0,1.0,0.212343,202.0,210.0,10.2782,0.616779,329.835,Matmon et al. (2003)h,GSDV-8,"Little River, Nolan Creek, Forney Creek Basins, United States",35.56,-83.5,2010,911,Sandstone,Sedimentary,3.0,,2032,6,0.666844,346000,3.46,37.7,4.9,39.49,3.35,POINT (-83.5 35.56),0.0119865,-4.4239742624816465,-3.9194770592167134,-0.5044972032649331,297,3.91,12.376,299,304,52,5b,APPALACHIAN HIGHLANDS,BLUE RIDGE,SOUTHERN,5,35.56
92,JSQ122,14639.5,766034.0,4566830.0,1158.0,1329.0,2.0,-0.003554595,0.1182645,23.455199999999998,187.829,34.0,1033.0,1263.0,1.0,0.08651555,0.0,224.0,1.3604,0.147831,181.38299999999998,Reuter (2005),JSQ122,"Water Rocks, Pennsylvania, United States",41.21,-77.83,90,310,sandstone,Sedimentary,3.5,,1064,7,0.399615,1255000,12.55,4.0,0.0,2.5,0.24,POINT (-77.83 41.21),0.003554595,-5.639514146267403,-5.244160296060427,-0.395353850206976,160,2.999,11.795,162,204,84,8d,APPALACHIAN HIGHLANDS,APPALACHIAN PLATEAUS,ALLEGHENY MOUNTAIN,8,41.21
93,JSQ162,22631.5,860209.0,4494180.0,1052.0,1213.0,1.0,-0.0032032299999999996,0.08797605,18.1123,210.3645,148.0,955.0,1249.0,1.0,0.07545385,0.0,270.0,1.399005,0.10997,200.32,Reuter (2005),JSQ162,"Split Rock at Wolf Run, Pennsylvania, United States",40.52,-76.75,412,380,sandstone,Sedimentary,1.0,,1125,8,0.252786,1558000,15.58,2.5,0.0,2.62,0.25,POINT (-76.75 40.52),0.0032032299999999996,-5.743595603252865,-5.221656174828978,-0.5219394284238863,159,7.235,22.16,161,191,62,6b,APPALACHIAN HIGHLANDS,VALLEY AND RIDGE,MIDDLE,6,40.52
94,JSQ163,16983.5,765909.0,4566820.0,1167.0,1204.0,2.0,-0.003400315,0.115368,21.128149999999998,174.57549999999998,34.0,1280.0,1196.0,1.0,0.08655155,0.0,211.0,1.29799,0.1442095,169.83100000000002,Reuter (2005),JSQ163,"Water Rocks, Pennsylvania, United States",41.21,-77.83,689,310,sandstone,Sedimentary,3.0,,1064,7,0.399615,1034000,10.34,4.9,0.0,5.47,0.48,POINT (-77.83 41.21),0.003400315,-5.683887204592671,-4.868326111471754,-0.815561093120917,160,2.999,11.795,162,204,84,8d,APPALACHIAN HIGHLANDS,APPALACHIAN PLATEAUS,ALLEGHENY MOUNTAIN,8,41.21
95,JSQ164,17524.5,765947.0,4566780.0,1204.0,1242.0,2.0,-0.0033301850000000003,0.1108385,21.616,180.23250000000002,150.0,1327.0,1208.0,1.0,0.085584,0.0,219.0,1.3143799999999999,0.13854850000000002,174.40699999999998,Reuter (2005),JSQ164,"Water Rocks, Pennsylvania, United States",41.21,-77.83,687,310,sandstone,Sedimentary,2.5,,1064,7,0.399615,1244000,12.44,4.0,0.0,4.42,0.4,POINT (-77.83 41.21),0.0033301850000000003,-5.704727420977381,-4.97063279323701,-0.7340946277403715,160,2.999,11.795,162,204,84,8d,APPALACHIAN HIGHLANDS,APPALACHIAN PLATEAUS,ALLEGHENY MOUNTAIN,8,41.21
96,SH-53,14699.5,709074.0,4280640.0,1036.0,1220.0,1.0,-0.00580796,0.22876449999999998,38.8154,176.6635,221.0,1191.0,1388.0,1.0,0.2112705,0.0,199.0,2.02181,0.285956,173.1755,Duxbury (2008),SH-53,"Hamburg, Massanutten Ridge, Virginia, United States",38.65,-78.6,692,573,sandstone,Sedimentary,2.5,Bedrock,980,10,0.238382,1778424,17.78,3.6,0.5,2.82,0.26,POINT (-78.6 38.65),0.00580796,-5.1485258885356995,-5.186346142584011,0.03782025404831124,159,7.235,22.16,161,191,62,6b,APPALACHIAN HIGHLANDS,VALLEY AND RIDGE,MIDDLE,6,38.65
97,SH-57,16996.5,732308.0,4286800.0,1071.0,1116.0,2.0,-0.00536093,0.31726,80.6463,245.78300000000002,163.0,1309.0,987.0,1.0,0.224456,31.0,261.0,2.73502,0.39657549999999997,236.5505,Duxbury (2008),SH-57,"Thornton Gap, Virginia, United States",38.7,-78.33,811,231,siliciclastic,Sedimentary,2.5,Bedrock,1105,9,0.254245,591499,5.91,12.8,1.6,10.74,0.85,POINT (-78.33 38.7),0.00536093,-5.228617811487418,-4.544471804601277,-0.6841460068861416,159,7.235,22.16,161,191,62,6b,APPALACHIAN HIGHLANDS,VALLEY AND RIDGE,MIDDLE,6,38.7
98,SH-58,15027.0,732948.0,4286750.0,1151.0,887.0,1.0,-0.00415389,0.247406,66.087,275.589,135.0,1363.0,675.0,1.0,0.194736,6.0,331.0,2.29267,0.309257,267.438,Duxbury (2008),SH-58,"Thornton Gap, Virginia, United States",38.7,-78.32,860,493,metabasalt,Metamorphic,5.0,Bedrock,1130,9,0.254245,601358,6.01,13.0,1.7,10.93,0.91,POINT (-78.32 38.7),0.00415389,-5.483710034379553,-4.536054422309567,-0.9476556120699859,224,0.782,8.781,226,241,51,5a,APPALACHIAN HIGHLANDS,BLUE RIDGE,NORTHERN,5,38.7
99,SH-59,11259.0,735038.0,4279970.0,1318.0,1041.0,1.0,-0.00614026,0.25553,57.8829,205.416,350.0,1410.0,1219.0,1.0,0.182344,16.0,198.0,2.82402,0.319412,195.517,Duxbury (2008),SH-59,"Thornton Gap, Virginia, United States",38.64,-78.3,835,758,granite,Igneous,2.5,Bedrock,1166,9,0.254245,964608,9.65,7.8,1.0,6.35,0.52,POINT (-78.3 38.64),0.00614026,-5.092888192442749,-4.796721537165813,-0.2961666552769362,224,0.782,8.781,226,241,51,5a,APPALACHIAN HIGHLANDS,BLUE RIDGE,NORTHERN,5,38.64
